Date,Naspers,Standard Bank,FirstRand,Sasol,MTN Group,Anglo American
2020-01-02,46741.8203125,16807.4921875,6302.1591796875,30347.044921875,8347.3681640625,39658.859375
2020-01-03,47071.76171875,16652.16015625,6208.49951171875,31161.0234375,8105.876953125,39601.25390625
2020-01-06,46867.79296875,16268.8173828125,5983.3154296875,31795.232421875,8022.05419921875,39232.18359375
2020-01-07,47153.74609375,16281.763671875,6018.18994140625,31495.607421875,8023.052734375,39117.9453125
2020-01-08,46491.86328125,16365.40234375,6014.203125,31103.095703125,7944.2197265625,39172.625
2020-01-09,46815.609375,16348.4765625,6044.095703125,30258.154296875,7929.2509765625,38833.81640625
2020-01-10,47501.68359375,16416.18359375,5998.26171875,30961.275390625,8349.36328125,39248.7890625
2020-01-13,47772.23828125,16311.6357421875,5910.57958984375,30811.46484375,8242.587890625,39757.4765625
2020-01-14,48516.69921875,16732.81640625,6027.15673828125,30062.3984375,8278.513671875,39722.33984375
2020-01-15,48991.421875,16778.62109375,6041.1064453125,29038.681640625,8302.4619140625,39343.48828125
2020-01-16,49001.421875,16772.64453125,6036.1240234375,27892.115234375,8409.236328125,40094.328125
2020-01-17,50201.41015625,16372.3681640625,5980.32666015625,27271.890625,8382.29296875,41415.38671875
2020-01-20,50391.1796875,16329.5576171875,5953.42431640625,27280.87890625,8334.39453125,41524.7421875
2020-01-21,49404.55078125,16399.2578125,5990.2900390625,27182.001953125,8264.5419921875,40739.71875
2020-01-22,49718.30078125,16335.529296875,6082.9541015625,26670.640625,8304.458984375,40432.1640625
2020-01-23,48591.49609375,16160.2861328125,6017.1923828125,25966.521484375,8212.65234375,39195.078125
2020-01-24,49333.1640625,16284.75,6018.18994140625,26416.958984375,8230.6123046875,39472.375
2020-01-27,47540.875,15896.427734375,5923.53271484375,25431.19140625,8070.95166015625,37969.72265625
2020-01-28,47527.07421875,15921.31640625,5898.62255859375,25438.185546875,8082.92578125,38026.33984375
2020-01-29,49027.21875,16051.75390625,5925.525390625,25936.560546875,8153.7763671875,38131.8046875
2020-01-30,49190.3828125,16092.578125,5931.50390625,25617.9609375,8241.5908203125,38251.89453125
2020-01-31,49205.78125,15680.357421875,5759.12890625,23887.125,8061.9697265625,38140.58984375
2020-02-03,49902.86328125,15768.9755859375,5742.189453125,23420.708984375,8070.95166015625,37740.26171875
2020-02-04,51755.9375,16128.423828125,5841.82861328125,23470.642578125,8099.8896484375,38702.015625
2020-02-05,52294.04296875,16429.126953125,5956.4130859375,24519.33203125,8254.5634765625,38909.0
2020-02-06,52380.83203125,16703.939453125,6053.06298828125,24069.892578125,8185.708984375,39035.93359375
2020-02-07,52471.61328125,16591.4296875,5898.62255859375,23370.76953125,8219.6376953125,38653.1953125
2020-02-10,52102.6875,16463.974609375,5882.6806640625,22189.25,8265.5400390625,38351.48046875
2020-02-11,52850.7421875,16528.693359375,5926.5224609375,23015.21484375,8293.4814453125,38512.58203125
2020-02-12,53242.671875,16777.625,6056.052734375,24029.943359375,8791.4287109375,40328.66796875
2020-02-13,53878.96484375,16603.375,6047.0849609375,23721.330078125,8766.4814453125,40375.53515625
2020-02-14,54140.5234375,16553.58984375,6107.86474609375,23769.26953125,8703.6162109375,39863.90625
2020-02-17,54550.44921875,16609.3515625,6147.7197265625,23021.205078125,8801.4072265625,40263.24609375
2020-02-18,54115.52734375,16678.052734375,6152.7021484375,22671.642578125,8797.416015625,39499.71484375
2020-02-19,54017.94140625,16691.9921875,6197.53955078125,22272.14453125,8781.4501953125,39516.3125
2020-02-20,54070.53125,16180.201171875,6082.9541015625,22586.75,8841.3232421875,40499.53515625
2020-02-21,53282.8671875,15884.4775390625,5933.49658203125,21381.2578125,8720.578125,40546.39453125
2020-02-24,51022.8671875,15035.140625,5694.36279296875,20674.142578125,8261.5478515625,37151.5078125
2020-02-25,52130.0703125,14954.4892578125,5619.63330078125,20410.470703125,8086.91748046875,37799.82421875
2020-02-26,51889.11328125,16142.36328125,5942.462890625,19481.634765625,8025.0478515625,37181.77734375
2020-02-27,50391.1796875,15009.25390625,5676.42724609375,18521.833984375,7822.4765625,35771.87109375
2020-02-28,47610.46875,14786.2138671875,5492.09521484375,18566.77734375,7354.46484375,34501.59765625
2020-03-02,48991.421875,14921.630859375,5468.1826171875,18796.4921875,7501.15478515625,35664.47265625
2020-03-03,48991.421875,14985.3544921875,5480.14013671875,19258.912109375,7684.76708984375,37167.1328125
2020-03-04,48991.421875,15180.5146484375,5601.69873046875,18601.734375,7740.6494140625,36559.80859375
2020-03-05,49984.25390625,15198.4365234375,5570.810546875,16952.794921875,7774.57763671875,35938.8359375
2020-03-06,49386.3515625,14945.52734375,5266.912109375,15952.0478515625,7633.87451171875,33685.32421875
2020-03-09,47228.53515625,14208.7060546875,4981.9453125,8524.3388671875,6481.30908203125,30635.1015625
2020-03-10,49310.37109375,14421.7861328125,5207.12841796875,7158.04736328125,6376.53125,31510.919921875
2020-03-11,49610.70703125,14042.423828125,5209.12109375,5265.4140625,6266.7626953125,30468.0234375
2020-03-12,45654.609375,13253.826171875,4940.09619140625,3719.348388671875,5427.53515625,26440.388671875
2020-03-13,44432.2265625,13159.2314453125,4932.12548828125,5071.65673828125,5427.53515625,27083.98828125
2020-03-16,40604.6875,11848.8857421875,4455.8505859375,4468.4111328125,4758.94775390625,24924.65234375
2020-03-17,40901.0390625,11895.6826171875,4277.498046875,3664.4169921875,4453.5927734375,25452.0390625
2020-03-18,38407.27734375,10378.2294921875,3666.711669921875,3395.7529296875,3885.7919921875,22418.615234375
2020-03-19,40978.625,9857.4755859375,3377.75830078125,3016.2275390625,3921.716064453125,20602.076171875
2020-03-20,43092.45703125,9986.9189453125,3682.653564453125,2710.609619140625,3583.4306640625,22552.4140625
2020-03-23,42889.69140625,8872.724609375,3377.75830078125,2185.266845703125,2941.7861328125,21376.546875
2020-03-24,46591.83984375,9727.0380859375,3843.072265625,2422.969482421875,3293.044189453125,24826.015625
2020-03-25,49051.01171875,10258.74609375,3995.51953125,2319.099609375,3613.367431640625,26734.357421875
2020-03-26,51544.578125,11066.26171875,4304.400390625,2889.385986328125,3926.70556640625,27383.818359375
2020-03-27,48758.8671875,9876.3935546875,3850.047119140625,3188.0126953125,3991.568603515625,27854.560546875
2020-03-30,50168.81640625,9557.76953125,3735.462158203125,3146.06494140625,4051.44189453125,28664.185546875
2020-03-31,51065.26171875,10202.986328125,4012.45849609375,3688.38671875,4828.80029296875,29716.017578125
2020-04-01,49821.078125,10227.8759765625,3920.21923828125,3369.785400390625,4346.01513671875,28861.46484375
2020-04-02,51001.46484375,10105.4072265625,3891.3134765625,4094.8779296875,4893.26123046875,29156.404296875
2020-04-03,50799.7109375,9957.0458984375,3722.8623046875,3965.040771484375,4718.50146484375,27813.537109375
2020-04-06,52356.03515625,10504.6826171875,3857.423583984375,4659.17333984375,5162.890625,29201.333984375
2020-04-07,52309.84375,11362.982421875,3955.105224609375,7151.0556640625,5130.93359375,31057.91015625
2020-04-08,51824.1328125,10572.3935546875,3757.7490234375,6882.39208984375,4738.474609375,30892.865234375
2020-04-09,51762.9375,11290.2958984375,4047.803466796875,7439.69482421875,5129.93505859375,32050.171875
2020-04-14,52797.55859375,11179.7724609375,4109.6025390625,6933.32763671875,5176.8701171875,32637.12890625
2020-04-15,53688.80078125,10707.80859375,3711.898193359375,5944.5654296875,4756.44970703125,31004.197265625
2020-04-16,55874.21484375,10018.78125,3682.992431640625,5742.81787109375,4916.22900390625,30622.33203125
2020-04-17,55501.0859375,10288.6181640625,3754.7587890625,5752.8046875,5267.7451171875,32319.72265625
2020-04-20,56296.33984375,9928.171875,3680.999267578125,5554.05322265625,4337.02685546875,31918.328125
2020-04-21,55815.83203125,9627.466796875,3668.04150390625,5495.126953125,4469.84375,30422.12109375
2020-04-22,57077.40234375,9222.3876953125,3709.905029296875,5876.64990234375,4319.05126953125,30768.830078125
2020-04-23,58228.203125,9319.025390625,3829.51513671875,6631.70556640625,4359.99560546875,32120.4921875
2020-04-24,58069.8359375,9277.18359375,3930.186767578125,6691.630859375,4269.1201171875,32186.900390625
2020-04-28,58989.67578125,9294.119140625,3974.043701171875,7715.35009765625,4818.3642578125,32559.974609375
2020-04-29,58449.765625,10070.20703125,4019.89453125,8489.3828125,4713.50927734375,33870.61328125
2020-04-30,57967.04296875,10174.8154296875,4033.8486328125,8715.1005859375,4854.31494140625,32141.0
2020-05-04,57368.55859375,9506.32421875,3881.346435546875,8174.775390625,4638.61181640625,30935.833984375
2020-05-05,57309.96484375,9907.8173828125,3992.982177734375,8061.91650390625,5097.9794921875,30743.435546875
2020-05-06,58478.96484375,9519.2744140625,3927.196533203125,8427.4599609375,4950.18212890625,31358.716796875
2020-05-07,58147.015625,9579.0517578125,3959.092529296875,8479.39453125,4953.17822265625,32661.544921875
2020-05-08,59589.5703125,9792.25,4046.806396484375,8278.64453125,4943.1923828125,33811.04296875
2020-05-11,61217.28125,9244.3056640625,3828.518310546875,7961.04296875,4990.1279296875,31328.439453125
2020-05-12,61982.34765625,9041.0703125,3724.85595703125,7893.1279296875,5057.03466796875,31405.595703125
2020-05-13,64391.921875,8883.6611328125,3567.36962890625,7467.66015625,4963.1650390625,30449.470703125
2020-05-14,62901.984375,8409.4404296875,3410.87939453125,7377.7724609375,4475.8359375,29950.412109375
2020-05-15,61451.23828125,8749.1640625,3451.746337890625,7730.33154296875,4768.43310546875,31651.703125
2020-05-18,62189.11328125,8946.4248046875,3527.49951171875,8526.3359375,5141.91845703125,34909.75390625
2020-05-19,62741.41015625,8991.255859375,3582.32080078125,8275.650390625,5672.18798828125,35120.70703125
2020-05-20,64259.94921875,8897.6083984375,3548.431396484375,8482.3916015625,5492.43603515625,35268.17578125
2020-05-21,61989.14453125,9136.7109375,3687.9765625,8405.4873046875,5382.5869140625,34019.0625
2020-05-22,61231.08203125,9135.7138671875,3763.7294921875,7701.3671875,5177.869140625,33084.4296875
2020-05-25,60589.39453125,8988.267578125,3734.82373046875,7561.54248046875,5061.02978515625,33482.890625
2020-05-26,60498.01171875,9810.1826171875,3967.06640625,8143.81396484375,5201.83544921875,33879.40625
2020-05-27,59169.64453125,9731.4775390625,3956.102294921875,8429.45703125,5506.41650390625,34692.94140625
2020-05-28,58391.171875,10168.837890625,4061.7578125,8838.9443359375,5475.45947265625,35733.05859375
2020-05-29,55756.03515625,10123.009765625,3999.959228515625,9038.693359375,5382.5869140625,35700.82421875
2020-06-01,56990.01953125,9613.919921875,4017.900390625,10087.3837890625,5392.57373046875,35941.08203125
2020-06-02,58289.79296875,10088.140625,4129.53662109375,11735.3212890625,5634.240234375,36819.07421875
2020-06-03,58687.72265625,11340.44140625,4486.37353515625,12459.4169921875,5773.04931640625,37452.90234375
2020-06-04,57489.9375,11229.8544921875,4365.7666015625,12828.9541015625,5724.11669921875,37006.578125
2020-06-05,58453.765625,11928.2353515625,4607.9765625,14981.263671875,5811.99609375,38722.52734375
2020-06-08,58189.8125,11528.734375,4501.3251953125,17183.509765625,5792.02294921875,38682.49609375
2020-06-09,57809.87890625,11541.68359375,4510.29541015625,17123.58203125,5781.03857421875,38594.58984375
2020-06-10,58516.55078125,10984.7744140625,4418.59375,13971.525390625,5506.41650390625,38312.34375
2020-06-11,58873.6953125,10832.3466796875,4350.81591796875,13483.1357421875,5073.013671875,37370.875
2020-06-12,59589.5703125,11073.44140625,4352.8095703125,13977.517578125,5245.775390625,38155.1015625
2020-06-15,57511.12890625,10638.0751953125,4211.2705078125,13964.5341796875,5333.65478515625,37112.05859375
2020-06-17,61366.85546875,11077.4267578125,4274.0654296875,14339.0654296875,5679.1787109375,38284.0234375
2020-06-18,62203.9140625,10697.8525390625,4107.60888671875,14267.1552734375,5602.28466796875,37927.546875
2020-06-19,60989.32421875,10668.9609375,4053.78369140625,14581.7626953125,5592.29833984375,38427.5859375
2020-06-22,62689.0234375,10480.6650390625,3847.456298828125,13993.498046875,5551.35498046875,38285.0
2020-06-23,64738.66796875,10483.6572265625,3812.56982421875,14738.5654296875,5593.29736328125,39442.30859375
2020-06-24,63339.109375,10332.2236328125,3946.13525390625,13982.5107421875,5382.5869140625,38692.25
2020-06-25,62286.08984375,10456.755859375,3882.34228515625,13778.7666015625,5554.35009765625,38821.17578125
2020-06-26,62058.53515625,10304.3271484375,3733.82666015625,13233.44921875,5495.431640625,38560.40625
2020-06-29,62258.703125,10560.3671875,3707.9111328125,13678.8916015625,5510.41162109375,38858.28125
2020-06-30,63251.125,10410.9296875,3793.632080078125,13203.486328125,5275.734375,39194.24609375
2020-07-01,63159.140625,10092.123046875,3837.488525390625,12983.7607421875,5288.716796875,37893.36328125
2020-07-02,63789.23046875,10479.6708984375,3868.38818359375,13227.455078125,5717.126953125,38649.27734375
2020-07-03,64109.7734375,10386.021484375,3800.609375,13554.0478515625,5818.986328125,37795.703125
2020-07-06,63588.8671875,10288.3896484375,3838.4853515625,14092.3740234375,5900.8740234375,38454.9296875
2020-07-07,63828.82421875,10183.7802734375,3793.632080078125,14107.35546875,5722.1201171875,38732.30078125
2020-07-08,65489.12890625,10829.35546875,3948.128173828125,13711.849609375,5746.08642578125,39056.54296875
2020-07-09,66363.59375,11006.6923828125,3977.033935546875,13750.8017578125,5771.05224609375,39309.484375
2020-07-10,64786.65234375,11196.9794921875,4133.52392578125,13327.3310546875,5621.2587890625,39821.24609375
2020-07-13,65188.58203125,11426.1181640625,4218.24755859375,13883.6357421875,5963.787109375,40568.37109375
2020-07-14,63068.95703125,11041.560546875,4086.6767578125,13930.5771484375,5891.8857421875,40102.5078125
2020-07-15,63951.59765625,11077.4267578125,4078.70263671875,14132.3232421875,5782.037109375,40084.9375
2020-07-16,62599.23828125,11453.0185546875,4180.37060546875,14507.85546875,6156.52099609375,39634.703125
2020-07-17,62693.0234375,11323.5029296875,4117.57568359375,14952.298828125,6376.21826171875,39842.73046875
2020-07-20,63050.96484375,11358.3720703125,4201.30224609375,14981.263671875,6424.15283203125,40079.0703125
2020-07-21,65701.703125,11445.0478515625,4160.43603515625,14940.314453125,6295.330078125,39791.9453125
2020-07-22,63988.796875,11386.267578125,4036.838623046875,14182.26171875,6122.568359375,39455.97265625
2020-07-23,64408.72265625,10933.9658203125,3962.0830078125,13932.57421875,5988.75244140625,40320.3046875
2020-07-24,61579.21484375,10859.2470703125,3887.326416015625,13755.7939453125,6630.8681640625,40436.5234375
2020-07-27,61589.21484375,11007.6875,3987.001708984375,13376.2705078125,6428.1474609375,41068.3984375
2020-07-28,62307.08984375,11238.822265625,4036.838623046875,13383.26171875,6260.3779296875,41265.68359375
2020-07-29,62862.38671875,11810.67578125,4131.52978515625,14540.8134765625,6424.15283203125,41176.80859375
2020-07-30,62414.26953125,11336.455078125,4008.9296875,13832.6982421875,6054.66162109375,40167.953125
2020-07-31,62936.78515625,10820.390625,3869.384521484375,13606.9814453125,5905.86669921875,40837.91796875
2020-08-03,63725.0390625,10270.455078125,3678.0087890625,14208.2294921875,5661.20361328125,41655.359375
2020-08-04,63468.88671875,10367.0927734375,3675.018310546875,14681.6376953125,5737.09912109375,41686.6171875
2020-08-05,64988.62890625,10450.7783203125,3699.9375,15181.01171875,6004.73095703125,43230.671875
2020-08-06,64448.9140625,10351.15234375,3727.84619140625,15048.1787109375,5920.845703125,43333.21875
2020-08-07,61756.98828125,10279.421875,3760.73876953125,15145.0576171875,5875.908203125,42250.1328125
2020-08-11,61447.0390625,10599.2236328125,3862.40771484375,15817.216796875,6206.45263671875,42821.453125
2020-08-12,62365.6875,10417.9033203125,3844.466064453125,15404.732421875,6346.259765625,43091.015625
2020-08-13,60929.33203125,10669.955078125,3817.553955078125,15796.2431640625,6645.84716796875,42556.7890625
2020-08-14,60157.46875,10583.279296875,3786.65478515625,14633.697265625,6893.505859375,41948.35546875
2020-08-17,60589.39453125,10340.1962890625,3708.908203125,13871.6494140625,6651.8388671875,43124.21875
2020-08-18,60189.4609375,10648.0390625,3802.6025390625,13178.517578125,6640.8544921875,42636.87109375
2020-08-19,59025.26953125,10928.9833984375,3837.488525390625,12883.8857421875,6734.72509765625,42445.7578125
2020-08-20,58989.67578125,10822.384765625,3767.716552734375,14040.4384765625,6375.220703125,41561.796875
2020-08-21,60631.3828125,11350.4033203125,3889.320068359375,14382.0126953125,6560.9638671875,40946.4375
2020-08-24,61366.0546875,11365.3486328125,3928.193359375,14531.82421875,6763.68505859375,41478.7734375
2020-08-25,62259.8984375,11218.8955078125,3947.131591796875,14785.5078125,6540.99169921875,40019.50390625
2020-08-26,63621.2578125,10981.78515625,3940.154296875,14692.6240234375,6461.1015625,40046.8515625
2020-08-27,64707.87109375,11098.349609375,4050.79345703125,14358.0419921875,6374.2216796875,39767.49609375
2020-08-28,62783.41015625,10760.615234375,3960.089111328125,14351.05078125,6281.3486328125,39664.94140625
2020-08-31,61844.16796875,10519.521484375,3772.699951171875,13839.69140625,6098.60107421875,39505.73046875
2020-09-01,63117.1484375,10709.8056640625,3816.557373046875,14182.26171875,6062.650390625,40411.18359375
2020-09-02,63481.6875,10335.2119140625,3648.10595703125,14382.0126953125,5855.935546875,40730.5859375
2020-09-03,60989.32421875,9910.8046875,3564.379150390625,13961.5380859375,5897.8779296875,38827.8671875
2020-09-04,58658.125,10040.3193359375,3602.256103515625,14282.13671875,5772.05126953125,39317.20703125
2020-09-07,57986.2421875,10048.2890625,3613.2197265625,14546.8056640625,5821.982421875,40098.62109375
2020-09-08,57070.0078125,10475.685546875,3802.6025390625,14261.1630859375,6021.70751953125,39690.33984375
2020-09-09,57639.7109375,11421.1376953125,4086.6767578125,13681.8876953125,6041.6796875,39584.84765625
2020-09-10,58790.1015625,11725.994140625,4096.64453125,14245.18359375,6022.70556640625,39229.3046875
2020-09-11,58986.67578125,11593.4892578125,3996.968505859375,13721.8369140625,5731.107421875,40388.71875
2020-09-14,59149.6484375,11556.62890625,4011.92041015625,13353.2978515625,5707.14013671875,40779.4140625
2020-09-15,59331.81640625,11271.6982421875,3942.147705078125,12908.8544921875,5674.185546875,40776.484375
2020-09-16,59089.6484375,11298.59765625,3949.125,13560.0390625,5813.99267578125,40928.85546875
2020-09-17,58161.6171875,11133.21875,3993.97900390625,13647.9296875,5770.0537109375,40493.2265625
2020-09-18,57889.8671875,10748.6591796875,3898.290283203125,13781.763671875,5736.1005859375,40696.38671875
2020-09-21,56547.70703125,10351.15234375,3811.57373046875,13058.6669921875,5417.5390625,39434.4296875
2020-09-22,57919.8671875,10307.3154296875,3914.238525390625,13118.591796875,5459.4814453125,38383.44140625
2020-09-23,60885.734375,10236.5830078125,3912.245361328125,13296.3701171875,5698.15283203125,39063.26171875
2020-09-25,59569.5703125,9996.482421875,3911.248046875,12828.9541015625,5357.62158203125,39032.00390625
2020-09-28,59908.90625,10638.0751953125,4142.49462890625,13508.10546875,5617.263671875,39824.15625
2020-09-29,59199.03515625,10809.431640625,4150.46923828125,13064.6591796875,5704.1435546875,39490.1015625
2020-09-30,59189.640625,10763.6044921875,4109.6025390625,12940.814453125,5606.279296875,39784.109375
2020-10-01,60220.2578125,10971.822265625,4125.5498046875,12833.9482421875,5387.580078125,39289.87109375
2020-10-02,59989.49609375,11292.619140625,4164.4228515625,12399.490234375,5431.52001953125,38829.81640625
2020-10-05,59879.71875,10980.7890625,4076.708984375,12287.6318359375,5531.3818359375,39347.4921875
2020-10-06,60359.43359375,10709.8056640625,4014.91064453125,12397.494140625,5510.41162109375,38972.4296875
2020-10-07,61307.265625,10860.2431640625,4031.854736328125,12379.515625,5355.6240234375,39788.0078125
2020-10-08,59738.14453125,10758.6220703125,3955.105224609375,12711.1015625,5454.48876953125,39709.87890625
2020-10-09,61093.70703125,10560.3671875,3902.27734375,12384.5087890625,5443.5029296875,40841.93359375
2020-10-12,61690.3984375,10705.8212890625,3968.06298828125,12188.75390625,5510.41162109375,40782.33984375
2020-10-13,62434.0625,10410.9296875,3834.49853515625,11689.3798828125,5326.66455078125,40544.01953125
2020-10-14,62848.3984375,10356.134765625,3816.557373046875,11161.041015625,5528.38623046875,40992.3515625
2020-10-15,61884.1640625,10560.3671875,3845.462890625,10752.5498046875,5628.248046875,40347.69140625
2020-10-16,62705.4140625,10438.82421875,3737.81396484375,10526.8330078125,5540.36962890625,40782.33984375
2020-10-19,62188.9140625,11000.7138671875,3939.156982421875,10586.7587890625,5516.40283203125,41375.234375
2020-10-20,62489.05859375,10940.9404296875,3906.264404296875,9763.7880859375,5511.41015625,41333.23046875
2020-10-21,61564.82421875,11376.3037109375,4028.864990234375,9985.5107421875,5547.3603515625,41243.375
2020-10-22,60749.359375,11755.880859375,4183.361328125,9773.775390625,5599.28857421875,40365.27734375
2020-10-23,60248.0546875,12017.896484375,4331.87646484375,10304.1123046875,5745.087890625,41023.60546875
2020-10-26,60349.43359375,11777.798828125,4216.25390625,10258.169921875,5698.15283203125,40574.30078125
2020-10-27,61308.265625,11734.958984375,4171.400390625,9208.482421875,5735.10107421875,39033.96484375
2020-10-28,60756.16015625,11135.2099609375,3995.9716796875,8558.2958984375,5490.43896484375,37048.23046875
2020-10-29,60798.5546875,10772.5712890625,3865.397705078125,7542.56591796875,5543.365234375,37138.08984375
2020-10-30,63215.33203125,10567.34375,3747.781005859375,8392.5029296875,5771.05224609375,36711.23828125
2020-11-02,63933.8046875,10649.0341796875,3785.65771484375,8883.888671875,5821.982421875,37435.015625
2020-11-03,61275.671875,11019.6435546875,4010.923583984375,10030.455078125,6080.62548828125,38489.91015625
2020-11-04,63364.30859375,11008.685546875,3967.06640625,9794.7490234375,6076.6318359375,37614.7421875
2020-11-05,67307.421875,11197.9765625,3988.9951171875,9665.91015625,6160.51611328125,37492.64453125
2020-11-06,68849.5546875,11137.2021484375,3971.053466796875,9097.62109375,6141.5419921875,38035.71875
2020-11-09,67329.8203125,11955.1328125,4460.45751953125,11244.935546875,6633.86376953125,40624.109375
2020-11-10,63488.88671875,12503.076171875,4628.908203125,11004.236328125,6856.55712890625,41802.07421875
2020-11-11,60480.41015625,13446.53515625,4971.7900390625,10786.5087890625,7035.31103515625,42698.734375
2020-11-12,62915.78515625,12956.3759765625,4861.15185546875,10396.99609375,6975.3935546875,41780.5859375
2020-11-13,63548.87109375,12580.78515625,4691.7041015625,10486.8837890625,7006.3515625,42113.65234375
2020-11-16,62819.40234375,12826.861328125,4710.6416015625,10856.4208984375,6813.61669921875,42830.59765625
2020-11-17,61550.02734375,12988.255859375,4720.609375,11284.8857421875,6581.935546875,42420.36328125
2020-11-18,61922.9609375,13128.728515625,4721.60693359375,11785.2607421875,6741.71533203125,43119.71875
2020-11-19,60814.35546875,12842.8017578125,4700.67431640625,11753.2998046875,6670.81298828125,42625.4765625
2020-11-20,62416.265625,12442.3046875,4586.048828125,11324.8349609375,6662.82373046875,42635.25
2020-11-23,63912.81640625,12453.2646484375,4652.83056640625,11565.53515625,6759.69091796875,43754.60546875
2020-11-24,63608.8671875,12981.2822265625,4779.41796875,13283.3857421875,6918.47216796875,45790.15625
2020-11-25,63138.09765625,12647.5341796875,4752.50537109375,13183.5107421875,7054.28466796875,45588.94921875
2020-11-26,63670.2109375,12781.033203125,4787.39208984375,13188.50390625,6940.4423828125,45030.2421875
2020-11-27,63272.27734375,12681.408203125,4721.60693359375,13239.44140625,6903.49267578125,45028.29296875
2020-11-30,62569.1796875,12068.70703125,4532.22412109375,12063.91015625,6614.8896484375,45370.15234375
2020-12-01,63209.890625,12140.4384765625,4652.83056640625,11710.3544921875,6611.89404296875,45852.66796875
2020-12-02,62975.72265625,12230.1025390625,4634.89013671875,12223.7119140625,6654.8349609375,47399.84765625
2020-12-03,64009.96484375,12275.9287109375,4707.65234375,12941.8125,6919.47021484375,49228.32421875
2020-12-04,63730.8046875,12452.267578125,4907.9990234375,13383.26171875,6990.373046875,50400.43359375
2020-12-07,63530.03515625,12379.541015625,4834.2392578125,13331.3251953125,7190.09765625,50190.42578125
2020-12-08,62701.56640625,12437.3232421875,4933.9150390625,13448.1806640625,7029.31884765625,49480.328125
2020-12-09,62822.74609375,12631.595703125,5013.65478515625,13863.6611328125,7012.3427734375,49314.27734375
2020-12-10,62226.84765625,12264.96875,4813.3076171875,13949.552734375,6749.7041015625,49081.8125
2020-12-11,63526.43359375,12304.822265625,4962.82080078125,14061.4140625,6054.66162109375,47712.40625
2020-12-14,61818.109375,12568.830078125,5012.6572265625,13458.16796875,6594.91796875,47493.6171875
2020-12-15,61151.60546875,13011.169921875,5068.4755859375,13406.232421875,6619.8837890625,47393.00390625
2020-12-17,63131.5,13034.083984375,5113.330078125,14083.38671875,6135.55029296875,48932.375
2020-12-18,60166.16796875,13271.1943359375,5315.67041015625,13782.7607421875,6299.3251953125,46593.04296875
2020-12-21,61476.9609375,12628.6044921875,4990.728515625,13096.6201171875,6135.55029296875,46102.71875
2020-12-22,60790.46484375,12628.6044921875,5058.50830078125,12560.291015625,6249.3935546875,45960.1171875
2020-12-23,60935.24609375,12793.9833984375,5141.23876953125,12626.20703125,6275.35693359375,46871.421875
2020-12-24,59825.01171875,12767.0849609375,5163.16650390625,12904.8603515625,6018.7109375,47201.56640625
2020-12-28,57565.3671875,12756.1259765625,5139.2451171875,13090.626953125,6107.58935546875,47804.21875
2020-12-29,58590.8125,12726.240234375,5108.34619140625,13200.4892578125,6191.47314453125,47943.89453125
2020-12-30,60093.37890625,12796.97265625,5170.14404296875,13252.42578125,6103.5947265625,47635.24609375
2020-12-31,60377.53125,12660.484375,5087.4140625,13376.2705078125,6010.72216796875,47372.5
2021-01-04,60729.4765625,12387.509765625,4933.9150390625,13278.392578125,6103.5947265625,50179.68359375
2021-01-05,62323.62109375,12174.3115234375,4795.36572265625,13183.5107421875,6254.38623046875,51138.859375
2021-01-06,62010.26953125,12353.6396484375,4862.1484375,14364.03515625,6514.029296875,54668.8359375
2021-01-07,60265.546875,12664.4697265625,5021.62890625,16079.8876953125,6873.53369140625,57186.90625
2021-01-08,61395.7734375,13068.953125,5214.00146484375,16812.970703125,6785.65478515625,56863.59765625
2021-01-11,64041.55859375,12748.15625,5096.38427734375,16672.1484375,6702.76904296875,56514.90625
2021-01-12,63878.1796875,12951.392578125,5111.3359375,16813.970703125,6673.80810546875,55385.7734375
2021-01-13,63965.56640625,12915.529296875,4973.7841796875,17012.720703125,6677.80322265625,55574.29296875
2021-01-14,66642.953125,12752.1416015625,4917.96630859375,17078.63671875,6491.06103515625,56163.27734375
2021-01-15,67287.84375,12769.078125,4923.94775390625,16968.775390625,6448.11962890625,54255.67578125
2021-01-18,68161.3125,12787.0107421875,4909.99267578125,16787.005859375,6372.224609375,54002.68359375
2021-01-19,68989.1796875,12930.470703125,4991.7265625,17179.51171875,6340.26806640625,52275.79296875
2021-01-20,69989.015625,12809.927734375,4940.890625,16948.80078125,6528.009765625,53063.05859375
2021-01-21,69989.015625,12839.814453125,4918.96337890625,16473.39453125,6543.98779296875,53417.6171875
2021-01-22,71268.828125,12424.373046875,4801.34619140625,16129.826171875,6424.15283203125,52664.546875
2021-01-25,75741.7265625,12186.2666015625,4670.77294921875,15697.3671875,6487.06591796875,51235.55859375
2021-01-26,71988.703125,12427.359375,4751.5087890625,15175.01953125,6419.16015625,50932.75
2021-01-27,70688.9140625,12626.61328125,4774.43408203125,14912.3486328125,6463.099609375,47720.21875
2021-01-28,70228.9921875,12800.958984375,4836.232421875,15129.0771484375,6317.29931640625,49538.9375
2021-01-29,69549.0859375,12542.9287109375,4762.4736328125,16478.390625,6251.390625,48886.4609375
2021-02-01,70638.9140625,12429.353515625,4694.69384765625,16374.5205078125,6144.53759765625,50400.43359375
2021-02-02,71288.8203125,12826.861328125,4844.20654296875,16796.994140625,6188.4775390625,48408.828125
2021-02-03,71828.734375,12902.5771484375,4889.06103515625,18776.517578125,6321.29443359375,48500.65234375
2021-02-04,71925.3359375,13399.7119140625,5048.541015625,19648.42578125,6605.90234375,48551.4375
2021-02-05,71355.8125,13833.0830078125,5188.0859375,19501.607421875,6978.38916015625,49341.62890625
2021-02-08,71788.734375,13605.9365234375,5082.43017578125,19975.015625,6856.55712890625,51657.5078125
2021-02-09,71828.3359375,13494.3564453125,5033.58935546875,19812.21875,7122.19189453125,51193.55078125
2021-02-10,73234.7109375,13549.1494140625,5025.61474609375,20149.796875,7222.0537109375,53884.50390625
2021-02-11,74185.15625,13656.748046875,5013.65478515625,19606.478515625,7060.2763671875,52293.37109375
2021-02-12,74208.3515625,14074.1796875,5165.16015625,19998.984375,7435.759765625,52076.53515625
2021-02-15,74699.484375,13963.595703125,5185.09521484375,20295.6171875,7543.61083984375,54737.21875
2021-02-16,73973.1953125,13878.9130859375,5152.20263671875,20937.8125,7464.7197265625,55525.44921875
2021-02-17,76227.2421875,13532.212890625,5097.38134765625,19975.015625,7118.19677734375,56134.9453125
2021-02-18,75603.140625,13433.583984375,5091.40087890625,19859.162109375,7090.2353515625,55502.0078125
2021-02-19,76685.171875,13437.568359375,5077.4462890625,20270.646484375,7260.00146484375,57351.0
2021-02-22,74818.265625,13473.4365234375,5050.5341796875,20113.84375,7257.00634765625,56880.203125
2021-02-23,71892.53125,13383.771484375,4983.751953125,19455.666015625,7213.06640625,55686.60546875
2021-02-24,71295.421875,13576.048828125,5050.5341796875,20073.892578125,7137.1708984375,56762.015625
2021-02-25,71226.4296875,13558.1171875,5065.4853515625,20235.689453125,7319.91943359375,60910.2890625
2021-02-26,70348.5625,13250.271484375,5015.6484375,18819.462890625,7259.0029296875,56734.671875
2021-03-01,72968.3515625,13570.0712890625,5139.2451171875,19475.642578125,7516.64794921875,58953.84375
2021-03-02,74268.953125,13709.546875,5188.0859375,19274.890625,7516.64794921875,60080.04296875
2021-03-03,75117.21875,13545.16796875,5212.00732421875,19036.19140625,7589.5478515625,59508.64453125
2021-03-04,72182.484375,13673.6845703125,5344.5751953125,19627.44921875,7564.58203125,59377.7578125
2021-03-05,71901.3359375,13873.9326171875,5466.17822265625,22365.02734375,7591.544921875,61131.03515625
2021-03-08,70049.0078125,13897.841796875,5437.27294921875,22626.69921875,7639.47900390625,61965.17578125
2021-03-09,71166.0390625,14016.396484375,5536.94775390625,22938.310546875,7578.5625,59643.44140625
2021-03-10,71188.828125,14261.4765625,5565.85302734375,22917.3359375,7426.77197265625,59166.78125
2021-03-11,72638.6015625,14146.90625,5546.91552734375,22686.625,8335.5205078125,60019.4921875
2021-03-12,68987.78125,13882.8984375,5520.00390625,22986.25,8676.05078125,61457.26953125
2021-03-15,67987.9453125,13376.7958984375,5467.17626953125,22748.548828125,8874.77734375,60291.02734375
2021-03-16,68389.265625,12992.2412109375,5367.50048828125,22485.876953125,9108.45703125,59603.390625
2021-03-17,67659.796875,12896.5986328125,5280.78369140625,22526.826171875,8925.7080078125,57414.234375
2021-03-18,67912.1484375,12761.111328125,5246.89404296875,22502.85546875,8706.0107421875,57986.71875
2021-03-19,69060.375,12566.8359375,5171.14111328125,21637.9375,8751.9462890625,56243.84375
2021-03-23,69945.0390625,12163.3525390625,5021.62890625,20834.939453125,8538.240234375,54213.75
2021-03-24,69417.7265625,12227.11328125,5008.67041015625,21188.5,8496.298828125,55472.05859375
2021-03-25,68867.0078125,12165.345703125,4999.69970703125,20725.078125,8498.2958984375,54227.43359375
2021-03-26,70528.9453125,12530.9716796875,5068.4755859375,21837.6875,8690.0322265625,57681.9140625
2021-03-29,70918.671875,12742.1787109375,5279.787109375,21696.86328125,8817.8564453125,56703.01953125
2021-03-30,70798.8984375,12847.783203125,5234.0263671875,21691.869140625,8804.875,57063.51171875
2021-03-31,70623.125,12496.103515625,5146.2939453125,21143.5546875,8673.0556640625,56736.234375
2021-04-01,74368.34375,12375.5556640625,5094.45263671875,22215.21484375,8536.244140625,56998.05078125
2021-04-06,73379.09375,12411.4189453125,5103.42431640625,21954.5390625,8867.7880859375,58607.0859375
2021-04-07,69689.078125,12356.625,5048.5927734375,21842.681640625,8673.0556640625,58481.06640625
2021-04-08,70056.2109375,12139.4423828125,4956.87255859375,21723.830078125,8851.8095703125,59496.109375
2021-04-09,69709.0625,12283.8994140625,5013.69921875,21373.267578125,8784.90234375,60240.54296875
2021-04-12,68256.3046875,12239.0673828125,5013.69921875,21083.62890625,8931.7001953125,59215.73046875
2021-04-13,70077.40625,12161.359375,5051.58251953125,22485.876953125,9347.12890625,59406.23046875
2021-04-14,70911.875,11942.5390625,5095.44921875,23413.71484375,9281.2177734375,60940.03515625
2021-04-15,70848.8828125,12237.490234375,5214.087890625,23185.001953125,9242.271484375,59952.3359375
2021-04-16,70988.8671875,12264.3916015625,5230.0380859375,23321.830078125,9265.240234375,61817.33203125
2021-04-19,69537.2890625,12183.6796875,5251.9716796875,23419.708984375,9284.2138671875,61675.67578125
2021-04-20,68268.703125,11845.8818359375,5124.36083984375,22477.888671875,9138.4150390625,60086.18359375
2021-04-21,67762.15625,11748.2275390625,5056.56787109375,23320.83203125,9373.091796875,59607.4765625
2021-04-22,67944.1484375,11759.1884765625,5034.63427734375,23404.7265625,9109.4541015625,59412.0859375
2021-04-23,68432.6640625,11645.591796875,5034.63427734375,23900.107421875,9166.3759765625,60428.12109375
2021-04-26,67257.84375,11777.125,5043.60791015625,23876.13671875,9084.4892578125,61802.68359375
2021-04-28,67419.421875,11939.5478515625,5140.3125,25099.607421875,9221.30078125,62131.90234375
2021-04-29,66516.5703125,12150.7978515625,5305.80712890625,25075.63671875,9194.337890625,61195.99609375
2021-04-30,66197.8203125,11759.1884765625,5088.470703125,24369.521484375,9149.400390625,60415.4140625
2021-05-03,66209.6171875,11473.2060546875,4974.81787109375,23820.208984375,8818.85546875,60319.66796875
2021-05-04,64926.4140625,11400.4638671875,4939.92333984375,23809.21875,8866.7890625,60662.58203125
2021-05-05,64789.8359375,11758.1943359375,5107.4130859375,24439.431640625,9889.380859375,63306.203125
2021-05-06,65757.6953125,11998.33984375,5228.04541015625,24017.958984375,9753.5673828125,62951.57421875
2021-05-07,66742.53125,12081.04296875,5308.798828125,24038.93359375,9633.732421875,65064.70703125
2021-05-10,64662.2578125,12099.9775390625,5352.66455078125,24019.958984375,9556.8388671875,65846.2734375
2021-05-11,63481.84375,12017.2705078125,5369.61279296875,23670.39453125,9516.8935546875,64966.03515625
2021-05-12,62467.8046875,12007.306640625,5368.615234375,23921.080078125,9789.517578125,66207.7265625
2021-05-13,60401.52734375,11952.5029296875,5267.92333984375,23664.40234375,9591.7900390625,63463.48828125
2021-05-14,60318.13671875,12162.75390625,5311.7890625,23670.39453125,9591.7900390625,63201.67578125
2021-05-17,61320.3828125,12072.078125,5213.08984375,23420.708984375,9638.7255859375,64224.53515625
2021-05-18,60275.74609375,12192.646484375,5222.06298828125,23149.048828125,9541.8603515625,64342.7421875
2021-05-19,59665.63671875,12038.197265625,5176.20263671875,22362.03125,9597.7822265625,60655.74609375
2021-05-20,60820.859375,12080.0498046875,5268.9189453125,22036.4375,9460.970703125,60694.82421875
2021-05-21,60318.53515625,12181.6875,5349.67431640625,21986.5,9486.9345703125,60575.62890625
2021-05-24,60140.56640625,12165.744140625,5319.7646484375,22272.14453125,9590.7919921875,60514.08984375
2021-05-25,61037.421875,12476.6376953125,5474.29248046875,22079.384765625,9409.0419921875,59251.875
2021-05-26,60574.5,12656.9970703125,5453.35693359375,22284.12890625,9744.580078125,58249.5234375
2021-05-27,59590.65625,12876.2177734375,5566.0126953125,22471.892578125,9783.5263671875,60346.0625
2021-05-28,60705.87890625,13266.8291015625,5629.81884765625,22429.9453125,10124.0576171875,59830.22265625
2021-05-31,60989.23828125,13519.9287109375,5588.94384765625,22364.029296875,9930.3251953125,60648.91015625
2021-06-01,61534.953125,13490.0361328125,5658.7294921875,23788.248046875,10232.9072265625,62125.078125
2021-06-02,61959.28515625,13631.53125,5695.61767578125,24162.78125,10413.6591796875,62103.58203125
2021-06-03,60384.73046875,13601.6376953125,5636.7978515625,23471.642578125,10201.94921875,59984.58203125
2021-06-04,60581.5,13330.6025390625,5577.97705078125,23245.927734375,10372.7138671875,60727.05078125
2021-06-07,59845.4140625,13360.4970703125,5582.9619140625,23321.830078125,10602.3994140625,59478.37890625
2021-06-08,59590.0546875,13269.818359375,5622.83935546875,22879.3828125,10435.6279296875,60279.765625
2021-06-09,58780.78515625,13883.63671875,5744.46875,23052.16796875,10585.4208984375,58603.421875
2021-06-10,58627.609375,13722.2109375,5696.61474609375,23670.39453125,10828.087890625,58605.3828125
2021-06-11,59298.3046875,13659.43359375,5610.87646484375,23206.974609375,10800.1259765625,59834.4453125
2021-06-14,59790.625,13685.3408203125,5666.70556640625,23970.021484375,10764.1767578125,59449.93359375
2021-06-15,59673.23828125,13532.8818359375,5605.89208984375,23379.759765625,10712.2470703125,57039.875
2021-06-17,61336.77734375,13062.556640625,5393.54052734375,22428.947265625,10454.6025390625,55330.18359375
2021-06-18,60993.8359375,12655.0048828125,5278.8896484375,21062.65625,10358.7333984375,53446.87109375
2021-06-21,60790.46484375,12497.5625,5200.1298828125,20774.017578125,10533.4931640625,53781.35546875
2021-06-22,59190.71875,12452.7236328125,5178.197265625,21448.173828125,10406.6669921875,54796.578125
2021-06-23,58888.765625,12547.3857421875,5200.1298828125,22022.455078125,10484.560546875,55262.50390625
2021-06-24,58793.57421875,12654.0068359375,5253.96484375,22255.166015625,10430.634765625,56306.171875
2021-06-25,58307.45703125,12719.7744140625,5318.76708984375,22619.708984375,10385.6962890625,57424.37890625
2021-06-28,59322.8984375,12362.044921875,5134.330078125,21783.755859375,10088.107421875,56267.9140625
2021-06-29,60716.87890625,12686.892578125,5280.8837890625,21844.677734375,10086.1103515625,56191.41015625
2021-06-30,59954.39453125,12715.787109375,5342.6943359375,21773.767578125,10308.8017578125,55853.98046875
2021-07-01,59210.7109375,12611.16015625,5304.81005859375,22437.935546875,10274.849609375,56462.1328125
2021-07-02,59182.32421875,12568.3134765625,5287.86181640625,21859.66015625,10434.62890625,57274.31640625
2021-07-05,55591.28125,12684.8984375,5318.76708984375,22387.0,10405.669921875,58068.8359375
2021-07-06,56200.18359375,12587.2451171875,5365.62451171875,21804.728515625,10354.7392578125,56473.90234375
2021-07-07,57262.6171875,12763.6201171875,5491.2412109375,21736.8125,10169.994140625,58051.18359375
2021-07-08,54991.37890625,12764.6142578125,5500.21435546875,21060.658203125,10296.818359375,54969.21875
2021-07-09,54700.421875,13273.8037109375,5585.95263671875,22222.205078125,10532.4951171875,57676.47265625
2021-07-12,55590.8828125,13128.322265625,5602.900390625,22482.87890625,10629.361328125,58316.015625
2021-07-13,56378.55859375,12478.6318359375,5302.81591796875,22357.037109375,10255.8759765625,58503.3671875
2021-07-14,57700.34375,12745.68359375,5325.7470703125,23222.955078125,10417.6533203125,59441.1015625
2021-07-15,58730.79296875,12386.9580078125,5328.73681640625,21423.203125,10469.58203125,58712.30078125
2021-07-16,59019.9453125,12163.75,5305.80712890625,20955.791015625,10518.513671875,56109.99609375
2021-07-19,58251.6640625,11747.232421875,5200.1298828125,20463.404296875,10277.8447265625,54081.5078125
2021-07-20,58090.88671875,12046.1669921875,5224.05615234375,21487.125,10438.6240234375,54942.734375
2021-07-21,59106.7265625,12036.205078125,5214.087890625,21692.869140625,10388.6923828125,56814.26953125
2021-07-22,60217.15625,12179.6953125,5282.87744140625,21577.013671875,10504.5341796875,57823.609375
2021-07-23,59201.31640625,12205.603515625,5358.6455078125,21812.71875,10698.2666015625,59236.08984375
2021-07-26,54951.578125,12039.193359375,5303.8134765625,22210.220703125,10525.50390625,61594.16015625
2021-07-27,50924.4140625,12106.953125,5352.66455078125,21552.044921875,10573.4384765625,62163.078125
2021-07-28,54940.18359375,12163.75,5327.73974609375,21833.693359375,10484.560546875,63143.97265625
2021-07-29,57181.63671875,12235.4951171875,5331.728515625,22252.16796875,10391.6875,65905.1875
2021-07-30,56431.1484375,12311.2265625,5419.4599609375,21890.62109375,10526.50390625,64110.16015625
2021-08-02,55931.2265625,12341.1220703125,5443.3876953125,21792.744140625,11114.693359375,64992.953125
2021-08-03,52030.234375,12579.2724609375,5529.1259765625,21898.611328125,11374.3349609375,66422.1171875
2021-08-04,53491.8125,12590.2353515625,5483.265625,22239.18359375,11239.521484375,67140.125
2021-08-05,52740.53125,13118.3564453125,5732.5048828125,21822.705078125,11414.2802734375,64491.71875
2021-08-06,53495.01171875,13263.83984375,5712.5654296875,22073.392578125,11374.3349609375,65718.8046875
2021-08-10,59190.71875,13240.9189453125,5696.61474609375,21585.001953125,11338.384765625,66877.2421875
2021-08-11,56921.0703125,13259.8525390625,5707.5810546875,21705.8515625,11509.150390625,68157.3046875
2021-08-12,56713.90625,13047.609375,5674.68115234375,21841.68359375,11983.4970703125,67931.7109375
2021-08-13,56134.8046875,13079.4970703125,5737.48974609375,21723.830078125,11963.5244140625,67577.6015625
2021-08-16,51991.84375,13385.408203125,5938.875,20638.1875,12981.1220703125,66373.0859375
2021-08-17,47789.30859375,13570.7490234375,5897.00244140625,21158.53515625,13281.708984375,66749.7421875
2021-08-18,49755.58984375,13748.1171875,5977.7568359375,21304.353515625,13255.744140625,61261.08984375
2021-08-19,47586.734375,13575.73046875,5900.99169921875,19683.380859375,13271.72265625,59276.46484375
2021-08-20,48004.07421875,13558.7919921875,5882.048828125,19585.50390625,13013.0791015625,58819.0859375
2021-08-23,45810.21484375,13970.326171875,5971.77490234375,20903.85546875,13118.9326171875,59890.89453125
2021-08-24,47452.55859375,14400.7958984375,5941.86572265625,22320.083984375,13250.751953125,60557.34375
2021-08-25,48831.94140625,14506.419921875,5963.79931640625,22171.26953125,13294.6904296875,60930.31640625
2021-08-26,48122.0546875,14599.0927734375,5970.77734375,22073.392578125,12997.1005859375,60286.4453125
2021-08-27,48038.07421875,14550.2646484375,6063.4951171875,22476.888671875,13020.0693359375,61688.05078125
2021-08-30,46592.890625,14561.2265625,6032.58984375,22539.80859375,13037.0458984375,61933.4296875
2021-08-31,49592.22265625,14818.3125,6170.16943359375,22372.017578125,13325.6474609375,60186.33203125
2021-09-01,51791.87890625,14538.30859375,6176.150390625,22132.318359375,13235.771484375,59574.84765625
2021-09-02,51891.859375,14348.98046875,6237.962890625,22013.46484375,12823.33984375,60070.51953125
2021-09-03,51391.9453125,14409.763671875,6149.2333984375,22090.37109375,12976.1298828125,60118.609375
2021-09-06,52744.53125,14461.580078125,6086.4248046875,21632.943359375,12960.1513671875,59594.4765625
2021-09-07,53684.98046875,14331.044921875,6053.52490234375,21400.232421875,12782.3955078125,60232.46484375
2021-09-08,52701.53125,14441.6513671875,6070.47314453125,21398.236328125,12489.798828125,58695.4140625
2021-09-09,48579.58203125,14188.552734375,5938.875,21837.6875,12247.1337890625,57809.109375
2021-09-10,47803.1015625,14116.806640625,5889.02734375,22147.298828125,12424.8876953125,59007.53125
2021-09-13,47356.57421875,14364.923828125,5950.8388671875,24019.958984375,12651.5771484375,59239.171875
2021-09-14,47595.93359375,14683.791015625,6050.5341796875,23490.62109375,12569.6884765625,58071.171875
2021-09-15,46916.640625,14481.0615234375,6143.25244140625,24625.201171875,12782.3955078125,58050.55859375
2021-09-16,47214.796875,13920.9169921875,5963.79931640625,23617.458984375,12422.8916015625,55485.87109375
2021-09-17,47992.47265625,13801.3115234375,6059.5068359375,22621.705078125,12837.3203125,51602.02734375
2021-09-20,46466.9140625,13678.7177734375,5905.9755859375,22047.423828125,12393.931640625,48732.08203125
2021-09-21,47972.47265625,13688.6865234375,5967.78759765625,23061.15625,12952.162109375,49275.83984375
2021-09-22,48539.3828125,13986.697265625,6072.46728515625,24667.146484375,13048.0302734375,50463.46875
2021-09-23,49588.625,13970.751953125,6127.30029296875,24880.87890625,13626.234375,51005.265625
2021-09-27,49712.20703125,13753.4716796875,6103.373046875,26249.16796875,13870.8974609375,51972.0546875
2021-09-28,50212.125,14079.392578125,6276.84375,27656.41015625,13590.283203125,50744.1796875
2021-09-29,51291.953125,14394.349609375,6432.36865234375,27755.28515625,14270.34765625,51529.39453125
2021-09-30,49844.18359375,14270.7568359375,6431.37255859375,28507.345703125,14116.55859375,52303.80859375
2021-10-01,49351.65625,14252.81640625,6395.48193359375,27556.533203125,13757.0537109375,51946.54296875
2021-10-04,49351.45703125,14116.26953125,6284.8193359375,29413.2109375,13707.123046875,52286.13671875
2021-10-05,50164.328125,14178.064453125,6203.0693359375,29762.775390625,14063.630859375,52344.046875
2021-10-06,49432.4453125,14117.2646484375,6243.9443359375,29267.39453125,14278.3359375,50719.64453125
2021-10-07,51991.84375,14026.56640625,6232.97802734375,28347.54296875,14066.626953125,53415.859375
2021-10-08,51094.58984375,13693.669921875,6078.44921875,28685.12109375,14280.33203125,54159.84375
2021-10-11,51366.34765625,13795.3330078125,6081.4404296875,29090.615234375,14331.263671875,56581.234375
2021-10-12,50212.125,13879.0556640625,6131.2880859375,27467.64453125,14330.263671875,56170.96484375
2021-10-13,50910.21484375,13785.365234375,6032.09619140625,27465.650390625,14066.626953125,55592.859375
2021-10-14,51088.19140625,13701.642578125,5983.232421875,26861.404296875,13873.8935546875,57545.08203125
2021-10-15,51391.546875,13604.9619140625,5914.42529296875,27498.60546875,13972.7578125,57869.9609375
2021-10-18,51011.99609375,13754.466796875,5893.48388671875,27850.166015625,13980.74609375,56031.59375
2021-10-19,52691.734375,13715.5966796875,5827.6689453125,26766.5234375,13653.197265625,55612.48046875
2021-10-20,53491.4140625,13871.0810546875,5833.65234375,26776.51171875,13841.9365234375,55688.05859375
2021-10-21,53286.640625,13565.0947265625,5731.93701171875,25517.083984375,13457.4658203125,54375.78125
2021-10-22,53291.640625,13578.052734375,5747.89208984375,26257.158203125,13613.2509765625,55158.04296875
2021-10-25,51866.4609375,13671.7421875,5707.00634765625,26207.22265625,13515.38671875,56283.83203125
2021-10-26,53038.8828125,13703.6357421875,5783.79248046875,26232.189453125,13605.2626953125,56555.71484375
2021-10-27,52370.1875,13734.5341796875,5836.6435546875,26087.37109375,13668.17578125,55651.7421875
2021-10-28,52416.77734375,13407.6162109375,5804.7333984375,25528.0703125,13528.3701171875,56225.9296875
2021-10-29,51794.6796875,13498.31640625,5784.7890625,25628.9453125,13679.162109375,56456.578125
2021-11-02,52105.4296875,13794.3359375,5925.39501953125,25887.623046875,13670.1728515625,55952.0859375
2021-11-03,53843.16015625,13694.6650390625,5926.39208984375,26136.310546875,13811.978515625,57312.46875
2021-11-04,52578.15234375,13763.4384765625,5906.447265625,26525.822265625,14738.703125,55411.27734375
2021-11-05,50909.21484375,13507.2861328125,5912.431640625,26117.333984375,16677.03125,54002.8046875
2021-11-08,50392.09765625,13455.455078125,5822.68359375,27338.806640625,16926.689453125,54818.44140625
2021-11-09,51019.59765625,13430.5400390625,5870.54931640625,27007.22265625,16882.748046875,54647.6640625
2021-11-10,50954.8125,13354.7900390625,5861.57421875,26248.169921875,16531.236328125,54980.38671875
2021-11-11,50126.140625,13455.455078125,5818.69384765625,26369.01953125,16389.427734375,58173.25
2021-11-12,52448.375,13191.33203125,5717.97607421875,25651.916015625,15977.99609375,58409.79296875
2021-11-15,52991.6875,13277.048828125,5801.7412109375,26087.37109375,15942.044921875,57044.515625
2021-11-16,55491.296875,13056.77734375,5759.8583984375,25932.564453125,15770.2822265625,57986.765625
2021-11-17,55035.96484375,13235.1875,5888.498046875,25995.484375,15704.37109375,58822.0234375
2021-11-18,54318.28125,13220.23828125,5946.3359375,25218.458984375,15678.408203125,58109.453125
2021-11-19,54311.48046875,12890.328125,5785.7861328125,24670.14453125,15566.5625,58890.73046875
2021-11-22,53050.8828125,13112.591796875,5872.54296875,24835.9375,15728.3388671875,59809.43359375
2021-11-23,51316.75,13216.248046875,5848.6103515625,26558.783203125,16239.6357421875,60536.734375
2021-11-24,50532.07421875,12996.974609375,5730.93994140625,26677.6328125,16150.7578125,60316.87109375
2021-11-25,50072.75,13220.23828125,5771.82470703125,26681.62890625,16177.7197265625,58975.1484375
2021-11-26,50255.1171875,12253.4365234375,5369.951171875,24737.060546875,15681.4033203125,56305.42578125
2021-11-29,49222.078125,12856.4404296875,5509.56005859375,25845.673828125,15919.0771484375,57278.11328125
2021-11-30,49157.09375,12921.2265625,5567.39794921875,26501.8515625,16136.7763671875,58377.41015625
2021-12-01,49381.1875,13126.5458984375,5731.93701171875,27513.587890625,16849.794921875,58840.67578125
2021-12-02,49533.56640625,13186.34765625,5711.99267578125,27972.015625,16577.171875,58133.9921875
2021-12-03,49134.015625,13216.248046875,5702.021484375,28288.6171875,16657.060546875,56436.953125
2021-12-06,49233.60546875,13455.455078125,5800.744140625,28488.369140625,16022.9326171875,58143.8046875
2021-12-07,50834.796875,13453.462890625,5861.57421875,29762.775390625,16127.7890625,61939.31640625
2021-12-08,50522.8359375,13455.455078125,5864.5654296875,29070.640625,16245.626953125,60902.828125
2021-12-09,49983.91015625,13466.4208984375,5859.57958984375,28327.5703125,15833.1953125,60755.60546875
2021-12-10,50384.2578125,13297.978515625,5733.931640625,28244.671875,15778.2705078125,60854.73828125
2021-12-13,50267.2734375,13163.423828125,5655.15234375,27642.427734375,16027.92578125,60589.7265625
2021-12-14,50085.890625,13151.462890625,5690.0546875,25982.501953125,16932.681640625,60908.72265625
2021-12-15,49393.5859375,13340.8359375,5833.65234375,24956.78515625,17314.154296875,60399.328125
2021-12-17,47288.25390625,13377.71484375,5946.3359375,25338.306640625,17203.306640625,60850.8125
2021-12-20,47493.83203125,13022.888671875,5809.71923828125,24297.609375,17020.560546875,59443.328125
2021-12-21,47194.87109375,13185.3525390625,5901.4609375,25172.515625,17025.552734375,61150.171875
2021-12-22,47673.203125,13387.6806640625,5913.4287109375,25402.228515625,17101.4453125,61148.2109375
2021-12-23,48194.34375,13571.076171875,5943.34423828125,25218.458984375,17145.388671875,61769.51171875
2021-12-24,48895.65234375,13614.9287109375,5905.451171875,25246.423828125,16872.763671875,61885.328125
2021-12-28,48511.49609375,13713.6025390625,5947.33349609375,26566.771484375,17034.541015625,62776.546875
2021-12-29,49103.2265625,13797.3251953125,5961.29443359375,26658.658203125,17201.30859375,63552.9140625
2021-12-30,48731.2734375,14010.62109375,6081.9560546875,26098.357421875,17495.90625,64130.0546875
2021-12-31,49433.578125,13954.8046875,6063.009765625,25867.646484375,17047.5234375,63967.1171875
2022-01-03,50223.875,14324.5791015625,6124.8359375,26540.8046875,17180.33984375,63304.59765625
2022-01-04,51443.31640625,14470.0986328125,6137.7998046875,26377.0078125,16956.6484375,65977.2421875
2022-01-05,49665.3515625,14479.068359375,6244.50048828125,26349.044921875,17466.943359375,66521.0234375
2022-01-06,47899.578125,14447.1748046875,6257.46435546875,26328.0703125,17151.376953125,66192.203125
2022-01-07,47774.59765625,14590.69921875,6275.4150390625,26118.333984375,16687.01953125,67366.09375
2022-01-10,47476.63671875,14651.498046875,6325.2744140625,27033.1875,16674.037109375,67717.4609375
2022-01-11,49033.234375,14452.158203125,6357.185546875,26666.646484375,16283.5751953125,66668.234375
2022-01-12,53593.0390625,14653.4912109375,6408.04150390625,28504.349609375,16303.546875,70052.484375
2022-01-13,52872.53125,14761.13671875,6459.8974609375,28747.04296875,16312.5341796875,69282.9921875
2022-01-14,52121.828125,14719.2734375,6431.9755859375,28703.09765625,16397.416015625,68497.78125
2022-01-17,52367.59765625,14566.77734375,6436.9619140625,28988.7421875,16319.525390625,69350.71875
2022-01-18,50566.43359375,14460.130859375,6423.998046875,30917.330078125,16327.513671875,69522.484375
2022-01-19,50425.25390625,14343.517578125,6458.900390625,31541.55078125,16355.474609375,72653.5
2022-01-20,52985.515625,14378.40234375,6390.091796875,31281.873046875,16548.20703125,71388.3359375
2022-01-21,51433.515625,14352.4873046875,6328.26611328125,31095.107421875,16534.228515625,69095.5390625
2022-01-24,50079.890625,14056.4677734375,6154.751953125,29283.373046875,15910.0888671875,67352.3515625
2022-01-25,48193.7421875,14210.955078125,6103.89501953125,30362.0234375,16012.9462890625,66362.984375
2022-01-26,48593.69140625,14332.552734375,6156.7470703125,32559.27734375,17108.439453125,69097.4921875
2022-01-27,46914.7109375,14572.7587890625,6171.705078125,33757.77734375,16765.912109375,69607.8671875
2022-01-28,46947.10546875,14881.736328125,6241.50927734375,34247.1640625,17410.0234375,68059.0390625
2022-01-31,49234.8046875,14891.7021484375,6153.75439453125,34448.9140625,19185.576171875,66502.375
2022-02-01,50173.6796875,14950.5078125,6185.66552734375,35221.9453125,19153.62109375,67086.359375
2022-02-02,49593.55859375,15131.908203125,6200.6240234375,35007.21484375,18489.5390625,67796.96875
2022-02-03,48949.2421875,15500.6865234375,6270.42822265625,34004.46875,18705.240234375,67859.796875
2022-02-04,49601.16015625,15324.2705078125,6205.60986328125,34984.2421875,18674.28125,68593.9609375
2022-02-07,49515.56640625,15355.16796875,6238.517578125,34300.1015625,18679.27734375,70109.4140625
2022-02-08,48926.24609375,15477.7626953125,6414.0263671875,34167.265625,18787.125,71182.2109375
2022-02-09,49993.51171875,15339.2216796875,6407.04541015625,33118.578125,18633.337890625,71328.46875
2022-02-10,48698.67578125,15479.7548828125,6382.1142578125,33047.6640625,18759.1640625,72023.3828125
2022-02-11,47949.16796875,15275.431640625,6488.81689453125,32564.271484375,18666.29296875,71995.8828125
2022-02-14,45737.859375,15406.99609375,6360.17724609375,33888.61328125,18718.220703125,71652.375
2022-02-15,45621.87109375,16128.607421875,6636.40185546875,32348.541015625,18542.46484375,70617.84375
2022-02-16,45355.30859375,16434.595703125,6735.12646484375,33838.67578125,18616.36328125,71660.21875
2022-02-17,45291.3125,16196.3857421875,6642.3857421875,33117.578125,18296.802734375,70781.7578125
2022-02-18,44733.18359375,16071.7958984375,6622.44140625,32884.87109375,18246.87109375,71552.2421875
2022-02-21,41139.0546875,15943.2216796875,6571.58349609375,31768.267578125,18248.8671875,71688.671875
2022-02-22,40988.4765625,15812.654296875,6496.7939453125,33562.0234375,17937.296875,72841.953125
2022-02-23,40163.78125,15898.37109375,6577.5673828125,32828.94140625,18507.509765625,71206.7578125
2022-02-24,37922.46875,15745.875,6438.955078125,34237.17578125,18228.896484375,72163.734375
2022-02-25,37691.1015625,15937.240234375,6637.39990234375,33632.93359375,19029.79296875,72862.5625
2022-02-28,38564.19140625,16210.337890625,6593.5234375,35015.203125,19133.650390625,76752.2890625
2022-03-01,38775.5625,16677.7890625,6786.98046875,36865.89453125,19740.8125,79993.25
2022-03-02,37407.7421875,16687.755859375,6731.13623046875,39643.4140625,20779.3828125,79265.9453125
2022-03-03,36678.03515625,16932.947265625,7019.32958984375,37595.9765625,20521.740234375,81418.40625
2022-03-04,32664.154296875,16190.4033203125,6783.9892578125,36869.8828125,19410.26953125,77460.9453125
2022-03-07,32687.75390625,15288.3896484375,6453.9140625,36454.40625,18179.9609375,76459.8046875
2022-03-08,34179.359375,15296.36328125,6312.310546875,36164.765625,18631.34375,75085.6875
2022-03-09,36195.30078125,15636.2373046875,6475.85302734375,34488.86328125,19181.583984375,72155.8671875
2022-03-10,35869.73828125,15875.4443359375,6730.14013671875,35255.90625,19983.478515625,74104.1640625
2022-03-11,35858.73828125,15980.0986328125,6998.38818359375,35346.7890625,20252.107421875,75198.5703125
2022-03-14,31153.75390625,16046.87890625,7172.8984375,33607.96484375,20110.3046875,72317.828125
2022-03-15,29870.12109375,16141.56640625,7081.15576171875,32939.80078125,19685.888671875,70410.7421875
2022-03-16,36121.70703125,17069.4921875,7352.39697265625,33478.12890625,19972.49609375,68855.921875
2022-03-17,35366.40625,17242.919921875,7150.9609375,34858.40234375,20007.447265625,69799.1875
2022-03-18,36895.60546875,17227.970703125,7155.94580078125,35433.68359375,19455.205078125,70576.5625
2022-03-22,37301.35546875,17619.671875,7356.384765625,35633.4296875,19629.96484375,75954.4140625
2022-03-23,33775.61328125,17521.994140625,7353.392578125,36353.53125,19119.671875,74871.7890625
2022-03-24,32466.98046875,17540.927734375,7325.4716796875,37540.046875,19558.06640625,74518.4375
2022-03-25,31970.24609375,17810.04296875,7379.32080078125,36574.25390625,19586.02734375,75563.765625
2022-03-28,31996.443359375,18002.40625,7638.59375,36946.7890625,19651.935546875,73713.5625
2022-03-29,34157.5625,18438.9609375,7753.2734375,34542.79296875,19269.462890625,70980.9609375
2022-03-30,34082.97265625,18239.619140625,7580.29248046875,36205.71875,19155.599609375,73898.0859375
2022-03-31,33278.078125,18153.904296875,7726.91162109375,35455.65625,18976.8203125,75622.65625
2022-04-01,34421.53515625,18258.55859375,7686.017578125,35936.05078125,19307.416015625,76737.6953125
2022-04-04,35816.3515625,18140.947265625,7650.11083984375,35586.48828125,18795.041015625,76823.09375
2022-04-05,35465.39453125,17824.98828125,7426.69140625,35955.03125,17336.82421875,76503.09375
2022-04-06,33216.68359375,17581.8359375,7512.46875,35955.03125,18113.873046875,75823.8671875
2022-04-07,32646.76171875,17374.46875,7286.0576171875,35934.0546875,18206.759765625,75214.34375
2022-04-08,31995.84375,17297.697265625,7244.166015625,37091.60546875,17845.201171875,77768.3046875
2022-04-11,32815.734375,17299.69140625,7261.12255859375,36226.6875,18162.8125,76265.5703125
2022-04-12,31485.109375,17143.1640625,7135.44921875,36512.328125,18065.93359375,75715.8984375
2022-04-13,31239.54296875,16601.8046875,7030.7216796875,36953.78125,17572.537109375,76699.40625
2022-04-14,30459.642578125,16608.77734375,6969.8798828125,36823.94140625,17488.63671875,78189.390625
2022-04-19,30572.630859375,16799.205078125,6980.8505859375,37009.70703125,17363.787109375,78958.90625
2022-04-20,29894.517578125,16509.08203125,6780.37255859375,37068.63671875,17217.966796875,77737.8671875
2022-04-21,29480.76953125,16984.640625,6934.97021484375,38477.875,17217.966796875,72640.7421875
2022-04-22,30141.685546875,17042.46875,6938.9599609375,38108.3359375,17278.890625,69048.3125
2022-04-25,30053.697265625,16809.17578125,6767.40576171875,35778.25,16512.828125,63898.1796875
2022-04-26,29996.103515625,16751.34765625,6812.2890625,36629.18359375,17176.01953125,64625.5
2022-04-28,29784.53125,16916.84765625,6904.05078125,38353.02734375,17488.63671875,67436.625
2022-04-29,32150.82421875,16749.35546875,6831.240234375,39228.93359375,16848.419921875,70007.2734375
2022-05-03,31933.451171875,16465.21484375,6729.50390625,38540.79296875,16780.501953125,69824.703125
2022-05-04,30652.818359375,16428.32421875,6882.107421875,39124.06640625,16811.46484375,68707.7265625
2022-05-05,29209.806640625,16211.9794921875,6867.14697265625,39038.171875,17241.9375,69053.21875
2022-05-06,29190.40625,15667.6259765625,6585.8779296875,38051.40625,16694.607421875,67548.515625
2022-05-09,28540.09375,15729.439453125,6477.16064453125,36869.8828125,16344.03515625,65507.90625
2022-05-10,29050.626953125,16058.443359375,6542.98876953125,36369.51171875,16749.541015625,64431.1484375
2022-05-11,31175.951171875,16149.1689453125,6531.02099609375,38016.453125,16954.2890625,66170.453125
2022-05-12,31688.8828125,16205.0009765625,6663.67578125,37338.296875,16869.392578125,62861.671875
2022-05-13,32085.833984375,16119.2607421875,6688.61083984375,39500.59375,17055.166015625,63801.00390625
2022-05-16,31453.11328125,16338.59765625,6786.35693359375,39682.3671875,17217.966796875,65655.1328125
2022-05-17,33551.44140625,16275.7861328125,6763.416015625,39536.546875,16734.55859375,68004.9296875
2022-05-18,31955.8515625,16558.93359375,6868.1435546875,39384.7421875,16918.333984375,66847.6953125
2022-05-19,31692.681640625,16069.4111328125,6703.57177734375,38555.77734375,16422.939453125,66649.4296875
2022-05-20,32070.234375,16043.48828125,6681.62939453125,39300.84765625,16515.826171875,68619.375
2022-05-23,31308.1328125,16197.0244140625,6792.3408203125,39006.21484375,16779.50390625,71008.4375
2022-05-24,29199.806640625,16131.2236328125,6720.5283203125,39053.15234375,16284.1083984375,70471.5390625
2022-05-25,30533.6328125,15734.4228515625,6535.009765625,38410.9609375,15680.8466796875,71937.96875
2022-05-26,31999.64453125,16205.9970703125,6704.5693359375,40449.41015625,16220.1865234375,72897.90625
2022-05-27,31723.28125,16769.294921875,6857.1728515625,40343.54296875,16356.0205078125,73542.7734375
2022-05-30,33360.8671875,17633.681640625,7115.50048828125,41697.84375,16616.701171875,74201.390625
2022-05-31,34284.15234375,17818.12109375,7222.2236328125,41459.14453125,16859.408203125,74793.2734375
2022-06-01,33602.234375,17247.84765625,7052.6640625,40532.3046875,16180.234375,73797.0
2022-06-02,33065.90234375,16841.078125,6886.0966796875,42310.08203125,16030.41796875,74668.6015625
2022-06-03,33192.0859375,16991.623046875,7211.2509765625,41652.90234375,16080.357421875,73341.5625
2022-06-06,34481.12109375,16574.8828125,7021.74365234375,42988.234375,15818.6767578125,75506.8359375
2022-06-07,33489.25,16196.02734375,6909.03759765625,42727.55859375,15290.322265625,75990.734375
2022-06-08,36474.0625,16075.3916015625,6804.310546875,42511.828125,14725.013671875,74885.5234375
2022-06-09,36715.83203125,15777.29296875,6674.64697265625,41933.5546875,14607.15625,73555.5390625
2022-06-10,35458.59375,15511.099609375,6545.9814453125,41115.578125,14636.1220703125,69591.109375
2022-06-13,34802.6796875,15505.1171875,6503.09326171875,40169.7578125,14307.5224609375,67442.515625
2022-06-14,34795.48046875,15880.9814453125,6469.181640625,40281.6171875,13987.9140625,65533.4140625
2022-06-15,36266.6875,16168.1123046875,6639.7373046875,40748.03515625,14264.5751953125,68204.1796875
2022-06-17,35982.3203125,15753.3671875,6406.34375,37323.31640625,13989.912109375,63501.62890625
2022-06-20,36610.84765625,16237.90234375,6623.77978515625,38828.4375,14184.6728515625,64581.328125
2022-06-21,36920.20703125,16285.7568359375,6636.74560546875,39712.328125,14239.6064453125,64437.04296875
2022-06-22,36547.25,16233.9140625,6619.7890625,36683.1171875,13885.0390625,61991.04296875
2022-06-23,36972.796875,16150.166015625,6712.54931640625,36566.26171875,13867.0615234375,59507.75390625
2022-06-24,38250.4296875,16461.232421875,6865.15185546875,36788.984375,14164.6982421875,58959.07421875
2022-06-27,46967.69921875,16261.828125,6703.57177734375,36920.8203125,14147.7177734375,60256.671875
2022-06-28,46057.015625,16290.7412109375,6583.8828125,36981.7421875,13948.9599609375,60693.45703125
2022-06-29,46857.109375,16093.337890625,6471.17578125,38086.359375,13488.5234375,60056.44140625
2022-06-30,47348.25,15470.22265625,6220.82666015625,37121.5703125,13187.890625,56977.3515625
2022-07-01,50343.45703125,15217.9853515625,6220.82666015625,34891.36328125,13658.31640625,54287.9296875
2022-07-04,50972.77734375,15583.876953125,6308.5986328125,37253.40625,13885.0390625,55616.93359375
2022-07-05,53292.87890625,14871.0341796875,6113.107421875,34640.67578125,13391.642578125,51116.578125
2022-07-06,52393.19140625,14852.0927734375,6146.02197265625,34010.46484375,13792.15234375,51778.140625
2022-07-07,57057.5859375,15297.744140625,6323.5595703125,37620.94921875,14062.8212890625,55810.29296875
2022-07-08,53123.09765625,15369.52734375,6376.42236328125,37480.12109375,14431.3720703125,56418.8515625
2022-07-11,51960.65234375,15125.2666015625,6258.72802734375,36734.05078125,14063.8203125,53799.12109375
2022-07-12,52595.76953125,15348.5908203125,6311.5908203125,36454.40625,14111.7626953125,53429.07421875
2022-07-13,50052.296875,14953.7841796875,6246.759765625,34715.58203125,13709.25390625,53376.0859375
2022-07-14,49993.51171875,14678.615234375,6092.1611328125,32314.58203125,13470.544921875,50929.1015625
2022-07-15,49075.42578125,14950.794921875,6223.81884765625,33317.328125,14169.69140625,50810.3359375
2022-07-18,51169.15234375,15213.9970703125,6324.55712890625,34483.8671875,14048.8388671875,53451.66015625
2022-07-19,52882.53125,15423.36328125,6363.4560546875,34653.65625,13880.0458984375,52784.2109375
2022-07-20,53193.09375,15318.6826171875,6374.42724609375,34787.48828125,13900.0205078125,53087.5078125
2022-07-21,53245.078125,15613.7880859375,6558.9482421875,34699.6015625,14150.7138671875,51981.31640625
2022-07-22,52193.21875,15502.1259765625,6433.27490234375,34621.6953125,14335.4892578125,53335.84375
2022-07-25,50614.42578125,15531.0380859375,6439.2587890625,34816.453125,14210.6416015625,54183.8828125
2022-07-26,51009.171875,15707.5048828125,6513.06689453125,34782.5,14475.318359375,55236.10546875
2022-07-27,49450.578125,15752.3681640625,6462.19921875,35142.04296875,14432.3701171875,55128.12890625
2022-07-28,49173.81640625,15916.873046875,6572.9111328125,34902.34375,14032.8583984375,56181.3203125
2022-07-29,47122.48046875,15950.7705078125,6538.00244140625,34921.3203125,13892.0302734375,58829.515625
2022-08-01,47443.4375,15863.0341796875,6534.01318359375,33992.484375,14208.6435546875,56730.98046875
2022-08-02,46523.7578125,15568.9248046875,6479.15576171875,33196.4765625,14116.755859375,55555.09765625
2022-08-03,48448.7109375,15898.927734375,6622.7822265625,33558.02734375,14189.6669921875,55852.5078125
2022-08-04,48533.09375,16239.896484375,6600.83837890625,33818.69921875,13982.9189453125,56610.25
2022-08-05,48993.03515625,16609.77734375,6703.57177734375,34224.1953125,14477.3154296875,58271.01953125
2022-08-08,49882.71484375,16727.421875,6709.556640625,34256.15625,14583.1865234375,58353.45703125
2022-08-10,48593.69140625,16671.59375,6727.50927734375,34782.5,14565.2080078125,57461.2421875
2022-08-11,50172.08203125,16917.84765625,6814.28369140625,35510.5859375,15874.609375,59267.28125
2022-08-12,48877.05078125,17036.486328125,6851.18798828125,35791.234375,15413.1728515625,56850.7265625
2022-08-15,49540.56640625,17156.125,6936.96484375,35656.40625,15029.6416015625,56182.30078125
2022-08-16,51604.8984375,17304.677734375,7021.74365234375,36164.765625,14809.91015625,58622.40625
2022-08-17,51769.87890625,17122.228515625,6986.83544921875,33957.53125,14673.0771484375,55918.30078125
2022-08-18,50423.8515625,17092.318359375,7019.75,34040.421875,14182.67578125,57345.05859375
2022-08-19,49461.578125,16404.3984375,6767.40576171875,33094.60546875,13830.1064453125,55911.4296875
2022-08-22,48924.84375,16037.5087890625,6784.361328125,33154.53125,13725.234375,55761.19140625
2022-08-23,49373.5859375,15946.7822265625,6781.36962890625,33783.74609375,13583.408203125,57836.01953125
2022-08-24,49162.6171875,15701.5224609375,6752.4443359375,34940.296875,13507.5,56708.76171875
2022-08-25,52246.015625,16041.4951171875,6808.29931640625,35519.57421875,13268.7919921875,56804.00390625
2022-08-26,51031.171875,16219.9560546875,6877.1201171875,34758.52734375,13228.83984375,57491.359375
2022-08-29,50393.45703125,15897.9287109375,6686.6162109375,36378.49609375,13062.0439453125,56350.35546875
2022-08-30,48253.9296875,15732.4306640625,6565.9296875,34931.30859375,12615.58984375,54183.21484375
2022-08-31,48509.09375,15276.8076171875,6400.3603515625,33141.546875,12409.8408203125,54158.66796875
2022-09-01,46835.91015625,15306.7158203125,6374.42724609375,32537.3046875,12602.60546875,52294.95703125
2022-09-02,48504.09375,15455.267578125,6480.15234375,33704.84375,12633.568359375,53843.46484375
2022-09-05,47940.76953125,15573.9091796875,6560.943359375,33769.76171875,12825.3330078125,54025.12890625
2022-09-06,47526.0234375,15450.28125,6536.00732421875,33452.15625,13008.109375,54742.921875
2022-09-07,47473.8359375,15042.515625,6328.54736328125,31266.6328125,12983.140625,53810.08203125
2022-09-08,48831.85546875,15110.310546875,6339.51806640625,31504.439453125,13027.0869140625,54482.71484375
2022-09-09,49828.9296875,15514.0908203125,6503.09326171875,32194.87890625,13362.6767578125,57760.40625
2022-09-12,50114.09375,15625.751953125,6621.78466796875,32726.447265625,13513.4931640625,59063.44140625
2022-09-13,48875.8515625,15318.6826171875,6437.263671875,31440.4921875,13362.6767578125,57305.77734375
2022-09-14,49393.5859375,14522.9697265625,6422.30224609375,31646.326171875,13254.8095703125,56803.0234375
2022-09-15,49316.59765625,14734.3994140625,6485.1396484375,31840.16796875,13018.0986328125,55495.08203125
2022-09-16,47307.25390625,14344.4482421875,6315.58056640625,31078.783203125,12885.26171875,55921.24609375
2022-09-19,47377.2421875,14412.267578125,6277.6787109375,31223.66796875,12841.3134765625,55277.09375
2022-09-20,47833.78515625,14592.78125,6283.66357421875,30924.908203125,12815.345703125,55064.01171875
2022-09-21,47493.83203125,14587.7958984375,6336.52587890625,31759.232421875,12749.42578125,55603.09765625
2022-09-22,45372.7109375,14581.810546875,6279.67333984375,31394.529296875,12708.4765625,55318.3359375
2022-09-23,44932.5625,14464.126953125,6172.95166015625,29258.26171875,12514.712890625,51225.625
2022-09-26,47663.203125,14321.509765625,6104.13037109375,29338.197265625,12093.2275390625,50326.17578125
2022-09-27,45877.0390625,14566.8515625,6212.84765625,29476.083984375,12685.50390625,50864.2734375
2022-09-28,44948.36328125,14510.00390625,6150.01123046875,29021.455078125,12379.876953125,51649.828125
2022-09-29,43948.2890625,14274.63671875,6035.30908203125,28556.83203125,11926.4306640625,53784.5546875
2022-09-30,45259.92578125,14361.4033203125,6058.24951171875,28550.837890625,11973.3740234375,53613.6953125
2022-10-03,45414.10546875,14284.607421875,6073.2099609375,29794.826171875,11985.3603515625,55425.3671875
2022-10-04,47045.890625,14507.01171875,6134.052734375,31127.74609375,12315.9560546875,57331.30078125
2022-10-05,46135.30078125,14451.1611328125,6080.193359375,30660.125,12128.1845703125,56508.4375
2022-10-06,47995.11328125,14412.267578125,6073.2099609375,30772.03515625,11889.4765625,54836.2109375
2022-10-07,47367.1796875,14428.224609375,6069.22119140625,31826.1796875,11923.4345703125,54850.9296875
2022-10-10,45153.59765625,14488.0625,6100.140625,30998.849609375,11923.4345703125,54106.62890625
2022-10-11,44663.8515625,14590.787109375,6135.0498046875,30675.11328125,12082.2412109375,53321.078125
2022-10-12,44052.1171875,14448.1689453125,5716.02734375,30843.974609375,12316.955078125,52613.109375
2022-10-13,42065.51953125,14673.5654296875,5788.87451171875,31631.337890625,12295.9794921875,53280.8125
2022-10-14,42539.46875,14720.4384765625,5806.8369140625,30709.0859375,12173.1298828125,52216.39453125
2022-10-17,43995.5234375,15212.1181640625,6076.2724609375,31620.345703125,12771.3984375,54077.1640625
2022-10-18,44763.640625,15157.2646484375,6080.2646484375,31197.689453125,12867.28125,53902.3828125
2022-10-19,42408.6796875,16349.0615234375,6250.90673828125,31473.46484375,12389.865234375,53156.1171875
2022-10-20,42748.84765625,16477.716796875,6202.009765625,28929.529296875,12339.92578125,53441.859375
2022-10-21,41431.3828125,16548.52734375,6172.072265625,29105.38671875,12151.15625,54320.6875
2022-10-24,34223.515625,16589.4140625,6210.99072265625,29855.77734375,11411.0615234375,54890.2109375
2022-10-25,35080.42578125,17114.0078125,6250.90673828125,30437.3046875,12299.974609375,54437.5390625
2022-10-26,37258.40625,17255.625,6506.37255859375,31303.603515625,12471.765625,56102.91015625
2022-10-27,37556.17578125,17154.896484375,6553.27392578125,31718.267578125,12784.3828125,55330.1171875
2022-10-28,35196.41796875,17260.611328125,6567.24462890625,31595.3671875,12834.322265625,54621.1640625
2022-10-31,37998.12890625,17118.9921875,6421.5498046875,30878.94921875,12968.1591796875,54683.02734375
2022-11-01,41122.8125,17023.25,6405.58349609375,28476.896484375,13056.0517578125,56088.17578125
2022-11-02,41099.015625,17162.875,6396.60107421875,28676.734375,13184.8955078125,55448.9296875
2022-11-03,40615.86328125,17030.23046875,6351.69580078125,28253.078125,13181.8994140625,53607.8046875
2022-11-04,43595.5625,17503.95703125,6521.34130859375,30866.95703125,13477.537109375,59747.84765625
2022-11-07,44195.5,17690.45703125,6577.224609375,30849.970703125,13461.556640625,60131.78515625
2022-11-08,42921.6328125,17677.4921875,6581.21484375,30690.1015625,13487.5244140625,59956.01953125
2022-11-09,42119.7109375,17655.55078125,6664.04150390625,30400.3359375,13521.484375,60693.44921875
2022-11-10,44031.3203125,17937.7890625,6676.01611328125,29999.662109375,13713.2490234375,62388.2734375
2022-11-11,47740.73828125,17852.0234375,6641.08935546875,30574.1953125,13508.4990234375,66719.609375
2022-11-14,46973.015625,17834.0703125,6616.142578125,30293.421875,13242.8232421875,65997.875
2022-11-15,49260.7890625,17463.0703125,6436.5185546875,30359.369140625,13265.794921875,67412.8359375
2022-11-16,52198.68359375,17631.61328125,6440.50927734375,29932.716796875,12910.23046875,64572.10546875
2022-11-17,51588.34765625,17580.751953125,6429.533203125,30105.57421875,12975.1513671875,63493.92578125
2022-11-18,51211.58984375,17838.060546875,6519.34521484375,29693.908203125,13143.9453125,63791.46484375
2022-11-21,49772.53125,17830.08203125,6510.36376953125,29148.3515625,13276.783203125,62318.5546875
2022-11-22,48070.3046875,18049.494140625,6637.09814453125,30122.560546875,13427.59765625,63277.90625
2022-11-23,48419.87109375,18120.298828125,6700.96435546875,30769.037109375,13510.49609375,64537.73828125
2022-11-24,49693.94140625,18046.498046875,6623.126953125,29476.083984375,13468.5478515625,64957.9921875
2022-11-25,48912.62109375,18041.513671875,6694.97705078125,29701.904296875,13561.4345703125,65199.55859375
2022-11-28,49551.35546875,18117.30859375,6682.00390625,29218.294921875,13535.4658203125,64237.26171875
2022-11-29,49685.140625,17749.294921875,6490.4052734375,29249.26953125,13578.4140625,65796.5625
2022-11-30,52716.43359375,17951.751953125,6682.00390625,29893.748046875,14064.8203125,67669.125
2022-12-01,53420.55859375,16702.109375,6066.29443359375,28529.8515625,13186.8916015625,70470.5859375
2022-12-02,53130.390625,16902.576171875,6111.19970703125,28231.095703125,13181.8994140625,68689.359375
2022-12-05,54165.8828125,17196.78125,6226.95703125,28177.138671875,13262.7978515625,70381.234375
2022-12-06,53183.38671875,17452.095703125,6281.8427734375,27777.462890625,13283.7744140625,68971.1796875
2022-12-07,53235.77734375,17347.37890625,6231.94677734375,26962.125,13547.451171875,67751.59375
2022-12-08,54413.859375,17149.912109375,6174.06787109375,27133.984375,13185.892578125,68223.9140625
2022-12-09,55935.3046875,16909.5546875,6074.27685546875,27079.03125,13054.0537109375,66852.1640625
2022-12-12,55835.71484375,17003.302734375,6089.24560546875,26901.17578125,13084.0166015625,66986.6796875
2022-12-13,57894.70703125,16918.53125,6114.19384765625,27079.03125,13308.7431640625,68956.4375
2022-12-14,57096.1875,17082.09375,6104.21435546875,26927.15234375,13317.732421875,65387.109375
2022-12-15,56670.03125,16793.8671875,5969.49609375,26608.412109375,12363.896484375,65393.9765625
2022-12-19,56594.23828125,17550.833984375,6250.90673828125,26845.21875,12566.650390625,64821.5078125
2022-12-20,55374.359375,17308.482421875,6236.9365234375,26790.265625,12546.6748046875,64701.71875
2022-12-21,55594.33984375,17351.369140625,6282.83984375,27475.708984375,12635.564453125,66568.3828125
2022-12-22,55994.30078125,17248.646484375,6233.94189453125,27044.05859375,12629.572265625,65334.0859375
2022-12-23,55190.37890625,17318.45703125,6330.73974609375,27377.787109375,12883.2626953125,65624.7421875
2022-12-28,56708.02734375,17069.126953125,6236.9365234375,27424.75,12818.341796875,67486.484375
2022-12-29,57094.1875,16854.69921875,6167.0830078125,26952.1328125,12778.3916015625,65816.21875
2022-12-30,56481.05078125,16734.02734375,6199.01611328125,26921.158203125,12714.46875,65135.7265625
2023-01-03,59793.9140625,16763.94921875,6232.94482421875,26978.111328125,13054.0537109375,65347.828125
2023-01-04,61192.56640625,16817.80078125,6268.86962890625,25840.037109375,12934.201171875,63469.38671875
2023-01-05,60730.015625,16831.765625,6262.8818359375,26746.30078125,12958.1708984375,66373.9609375
2023-01-06,62758.41015625,16631.302734375,6205.0029296875,26973.1171875,12972.154296875,69929.5390625
2023-01-09,65227.7578125,17079.099609375,6397.60009765625,27770.46875,12984.140625,71723.5234375
2023-01-10,64713.609375,16932.49609375,6288.828125,27980.298828125,12874.2734375,70699.3828125
2023-01-11,66523.2265625,16795.859375,6275.85498046875,27802.443359375,12971.1552734375,71882.6171875
2023-01-12,65693.3125,17217.7265625,6423.54638671875,28302.0390625,13394.6376953125,71893.40625
2023-01-13,67358.9453125,17186.80859375,6503.37841796875,28749.67578125,13550.447265625,72049.546875
2023-01-16,66126.6640625,17173.845703125,6470.44677734375,28911.54296875,13009.109375,72491.421875
2023-01-17,67093.1640625,16853.705078125,6425.54052734375,28816.62109375,13438.583984375,73637.3359375
2023-01-18,67137.1640625,16954.435546875,6435.52001953125,29471.087890625,13508.4990234375,75440.171875
2023-01-19,66891.9921875,16877.638671875,6422.546875,29432.119140625,13506.501953125,74578.0234375
2023-01-20,67535.125,16954.435546875,6391.6123046875,29440.115234375,13503.5048828125,74281.4921875
2023-01-23,68039.2734375,17293.5234375,6484.41796875,30229.47265625,13685.2841796875,75163.265625
2023-01-24,68715.796875,17298.51171875,6456.4765625,31660.314453125,13772.1767578125,73513.6015625
2023-01-25,67566.3203125,17110.015625,6403.58740234375,31687.291015625,13862.06640625,74698.8046875
2023-01-26,69999.8671875,17319.453125,6422.546875,31841.166015625,14230.6162109375,74675.2421875
2023-01-27,70783.0,17360.34375,6493.3994140625,32027.015625,14342.48046875,74635.9609375
2023-01-30,67089.3671875,17498.970703125,6535.31103515625,31823.181640625,14362.455078125,74503.3984375
2023-01-31,66924.1875,17276.568359375,6431.529296875,31302.603515625,14669.0810546875,71921.890625
2023-02-01,66673.0078125,18205.072265625,6584.208984375,31532.416015625,14362.455078125,70593.3203125
2023-02-02,66975.78125,18001.62109375,6539.302734375,31021.830078125,14505.28125,69686.0234375
2023-02-03,67993.078125,17901.888671875,6576.2255859375,30745.056640625,14379.435546875,70386.1328125
2023-02-06,66793.1953125,17852.0234375,6463.4619140625,30482.26953125,14527.25390625,69509.265625
2023-02-07,66986.578125,17923.826171875,6475.4365234375,28371.982421875,14470.3232421875,70390.0703125
2023-02-08,68003.875,17904.876953125,6451.486328125,29355.18359375,14349.47265625,70410.6875
2023-02-09,68618.40625,18045.501953125,6481.423828125,29455.103515625,14409.3984375,70750.4453125
2023-02-10,68652.2109375,17702.427734375,6412.56787109375,29841.7890625,14265.57421875,68648.109375
2023-02-13,69281.546875,17735.3359375,6467.45361328125,29738.873046875,14264.5751953125,68760.0625
2023-02-14,68627.609375,17749.294921875,6540.30078125,29933.71484375,14426.37890625,68938.78125
2023-02-15,68900.375,17497.974609375,6456.4765625,29736.873046875,14555.220703125,66714.6875
2023-02-16,69515.515625,17340.400390625,6467.45361328125,30536.2265625,14475.318359375,69477.8515625
2023-02-17,67174.1640625,17332.421875,6444.501953125,29546.029296875,14388.4248046875,68342.734375
2023-02-20,67133.765625,17471.046875,6479.42822265625,29476.083984375,14362.455078125,71030.2890625
2023-02-21,64646.01953125,17677.4921875,6491.40283203125,27921.345703125,14433.369140625,68665.796875
2023-02-22,64713.41015625,18363.6484375,6525.33203125,26746.30078125,14316.5126953125,65788.71875
2023-02-23,65139.97265625,18635.916015625,6737.88671875,27078.03125,14500.2880859375,66501.609375
2023-02-24,63388.94140625,18058.46875,6497.3916015625,26575.439453125,14148.7177734375,61852.1328125
2023-02-27,64593.42578125,18151.21875,6509.36572265625,26387.58984375,14192.662109375,62338.1953125
2023-02-28,65134.37109375,18308.794921875,6541.298828125,27012.0859375,14463.3330078125,62516.90625
2023-03-01,68378.4296875,18519.228515625,6669.03125,27112.001953125,14491.298828125,64015.33984375
2023-03-02,65447.5390625,18270.8984375,6675.01953125,26922.15625,14305.525390625,63546.95703125
2023-03-03,65176.5625,18261.919921875,6676.01611328125,27159.96484375,14342.48046875,65089.57421875
2023-03-06,65578.5234375,18685.78125,6685.99560546875,26911.16796875,14606.1591796875,62691.69140625
2023-03-07,65630.9140625,18260.921875,6724.91357421875,26465.529296875,14429.375,62451.1171875
2023-03-08,64516.4296875,17816.119140625,6607.1611328125,26156.697265625,14420.3857421875,61832.50390625
2023-03-09,63357.55078125,17933.80078125,6789.7783203125,25881.84765625,14321.505859375,61793.21875
2023-03-10,60987.79296875,17520.9140625,6703.9580078125,25355.134765625,14116.755859375,60840.74609375
2023-03-13,61793.90625,17002.306640625,6502.37939453125,24271.728515625,12608.5986328125,60021.8046875
2023-03-14,62623.2265625,16953.4375,6417.55810546875,24124.80859375,12451.7900390625,59428.71875
2023-03-15,61008.39453125,16580.439453125,6233.94189453125,22597.642578125,12531.6923828125,55226.6015625
2023-03-16,60954.39453125,16784.890625,6180.0556640625,22775.546875,12552.666015625,54384.87109375
2023-03-17,59695.12109375,16511.625,6131.15771484375,23117.359375,12591.619140625,54796.40234375
2023-03-20,62070.484375,16470.734375,6078.2685546875,23087.375,12284.9931640625,58157.45703125
2023-03-22,63971.0859375,16734.02734375,6206.9990234375,23804.982421875,12780.388671875,57869.67578125
2023-03-23,66993.1796875,16933.490234375,6212.986328125,23588.1015625,12739.4384765625,56769.625
2023-03-24,66593.21875,16722.060546875,6089.24560546875,22849.505859375,12547.6728515625,55606.70703125
2023-03-27,63963.484375,17052.173828125,6167.0830078125,23487.15625,12746.4296875,56062.4453125
2023-03-28,65418.5390625,17457.083984375,6213.984375,24669.509765625,12766.4052734375,56880.61328125
2023-03-29,66776.59375,17380.29296875,6064.142578125,24686.501953125,12942.19140625,57378.5859375
2023-03-30,66344.453125,17321.44921875,6068.1357421875,24551.576171875,12828.3310546875,58440.33203125
2023-03-31,65852.4921875,17234.68359375,6027.208984375,23986.884765625,12731.447265625,57556.36328125
2023-04-03,65660.3125,17440.126953125,6083.10888671875,25348.138671875,12824.3349609375,58226.2109375
2023-04-04,66311.046875,17105.806640625,6178.9365234375,25459.078125,12689.7646484375,58047.44921875
2023-04-05,64428.04296875,16900.275390625,6122.0390625,24643.525390625,12743.712890625,57261.69921875
2023-04-06,65019.77734375,16985.08203125,6200.89794921875,24599.548828125,12919.5439453125,58414.79296875
2023-04-11,63373.55078125,17036.962890625,6273.76708984375,24936.365234375,13003.4619140625,60313.3671875
2023-04-12,61129.77734375,17259.453125,6443.4638671875,24821.427734375,13148.322265625,60081.57421875
2023-04-13,63178.56640625,17178.638671875,6393.55224609375,25236.201171875,13089.3798828125,59904.7734375
2023-04-14,64388.44140625,17178.638671875,6446.4580078125,24412.65234375,13049.4169921875,59503.0546875
2023-04-17,67197.9609375,16877.328125,6343.64208984375,24081.83203125,12745.7109375,60049.16015625
2023-04-18,67473.1328125,16712.708984375,6208.8837890625,23915.921875,12742.7138671875,62066.578125
2023-04-19,66823.796875,16802.5,6238.830078125,23811.978515625,12863.5966796875,60942.9453125
2023-04-20,65971.078125,16847.3984375,6265.78125,24308.70703125,12796.6611328125,59899.859375
2023-04-21,64957.98828125,16871.341796875,6261.78857421875,23288.265625,12649.802734375,56416.03515625
2023-04-24,63608.12890625,16858.375,6291.73486328125,23124.35546875,12787.669921875,55763.86328125
2023-04-25,63390.7421875,16880.322265625,6327.67041015625,22897.478515625,12701.7529296875,54486.03515625
2023-04-26,64667.41796875,16993.0625,6362.60791015625,23492.154296875,12693.76171875,55157.8515625
2023-04-28,65217.359375,17089.83984375,6424.4970703125,23704.037109375,12819.6396484375,55071.4140625
2023-05-02,63553.52734375,16786.53515625,6406.529296875,22829.515625,12352.0908203125,53762.15625
2023-05-03,62957.9921875,16761.59375,6379.578125,22802.53125,12370.072265625,54628.4453125
2023-05-04,62343.25390625,15974.3984375,6175.9423828125,22142.892578125,11813.609375,53567.68359375
2023-05-05,64123.46875,16362.5078125,6322.68017578125,23208.30859375,11800.6220703125,55853.2421875
2023-05-08,63221.36328125,16336.568359375,6336.654296875,23833.966796875,11782.6396484375,56868.82421875
2023-05-09,60824.0078125,16477.24609375,6355.62109375,23437.185546875,11891.5341796875,56038.87109375
2023-05-10,62884.3984375,16332.578125,6238.830078125,23345.234375,11488.9228515625,57174.28515625
2023-05-11,64505.43359375,15332.869140625,5998.2607421875,22709.58203125,10924.4658203125,55076.328125
2023-05-12,63310.5546875,15586.287109375,6148.99072265625,23537.12890625,11679.73828125,55557.6015625
2023-05-15,65393.34375,15594.26953125,6137.01220703125,23429.1875,11532.8798828125,55624.390625
2023-05-16,66209.65625,15713.9951171875,6110.060546875,22978.435546875,11482.9287109375,54928.01953125
2023-05-17,69089.96875,15524.4287109375,6090.0966796875,23252.28515625,11476.9345703125,55715.734375
2023-05-18,67280.546875,15541.3896484375,6081.1123046875,23176.328125,11199.201171875,55308.12109375
2023-05-19,66880.9921875,15579.3037109375,6115.05078125,23294.26171875,11313.091796875,56466.12890625
2023-05-22,66793.1953125,15730.9560546875,6186.9228515625,23741.01953125,11308.0966796875,55347.4140625
2023-05-23,64496.43359375,15644.154296875,6138.01025390625,23741.01953125,11467.9423828125,55153.921875
2023-05-24,62970.390625,15515.4501953125,6077.1201171875,24147.794921875,11513.8994140625,53137.484375
2023-05-25,62481.44140625,15324.88671875,6069.1337890625,23457.171875,11437.9716796875,54285.66015625
2023-05-26,62993.5859375,15281.9833984375,6031.20166015625,23652.06640625,11435.9736328125,55320.8984375
2023-05-29,61985.69140625,15129.3330078125,6010.23974609375,23519.140625,11488.9228515625,56104.6875
2023-05-30,61129.578125,14875.916015625,5936.3720703125,23049.396484375,11694.7236328125,54855.33203125
2023-05-31,59530.73828125,15119.357421875,6016.22900390625,23089.375,12185.25,53931.09375
2023-06-01,61468.54296875,15255.046875,6107.06591796875,23267.27734375,12079.353515625,55862.078125
2023-06-02,63924.89453125,15481.5263671875,6144.0,24131.8046875,12393.05078125,57926.64453125
2023-06-05,63198.16796875,15783.833984375,6231.8427734375,24443.6328125,12553.896484375,56839.359375
2023-06-06,62876.3984375,16003.33203125,6289.73828125,24836.419921875,12804.654296875,57634.93359375
2023-06-07,62352.25390625,16291.671875,6465.423828125,25471.072265625,13115.353515625,57678.15234375
2023-06-08,62242.06640625,16487.22265625,6574.2294921875,25493.060546875,13434.046875,57345.1875
2023-06-09,62187.66796875,17155.69140625,6791.83984375,25850.865234375,13650.8388671875,56768.64453125
2023-06-12,62451.83984375,16695.74609375,6640.111328125,25247.1953125,13736.7548828125,55147.04296875
2023-06-13,63343.55078125,16961.138671875,6799.82568359375,25738.92578125,14396.1201171875,57071.15625
2023-06-14,62293.65625,17293.376953125,6841.75048828125,25791.896484375,14326.1865234375,59147.50390625
2023-06-15,64501.83203125,17331.2890625,6906.63427734375,26087.736328125,14159.34765625,59108.22265625
2023-06-19,65194.55859375,17338.275390625,6932.587890625,25548.029296875,14071.4326171875,56985.703125
2023-06-20,62918.9921875,17659.537109375,6888.66650390625,25585.009765625,13742.7490234375,55161.78125
2023-06-21,61324.15625,17669.515625,6818.7919921875,24615.541015625,13751.740234375,53832.875
2023-06-22,61433.7421875,17509.876953125,6754.90625,23995.87890625,13720.7705078125,53550.0
2023-06-23,59877.70703125,17288.390625,6641.10986328125,23121.357421875,13584.9013671875,52847.73828125
2023-06-26,59962.6953125,17234.51171875,6675.04931640625,23252.28515625,13674.814453125,52812.37890625
2023-06-27,65218.9609375,17310.337890625,6696.01171875,22703.583984375,13651.8359375,52757.375
2023-06-28,67699.109375,17360.22265625,6737.935546875,22864.498046875,13753.73828125,51572.85546875
2023-06-29,66298.8515625,17336.275390625,6733.943359375,22887.484375,13776.716796875,51952.96484375
2023-06-30,67973.0859375,17714.412109375,6837.7568359375,23313.251953125,13801.6923828125,52765.23828125
2023-07-03,66592.8203125,17659.537109375,6851.73193359375,23392.208984375,13748.7431640625,54423.171875
2023-07-04,66578.625,17841.12109375,6907.63232421875,23452.17578125,13611.875,54137.35546875
2023-07-05,66057.484375,17795.2265625,6862.712890625,23479.162109375,13601.884765625,53332.94140625
2023-07-06,63581.12890625,17552.779296875,6764.888671875,22780.544921875,13245.228515625,51270.33984375
2023-07-07,64182.8671875,17759.30859375,6819.7890625,23609.08984375,13380.0986328125,52498.07421875
2023-07-10,64390.2421875,17527.83984375,6734.94140625,23801.984375,13202.2705078125,52154.3125
2023-07-11,64400.83984375,17510.876953125,6770.876953125,23549.123046875,13412.0673828125,52401.82421875
2023-07-12,66872.3984375,17860.078125,6884.67333984375,23975.890625,13641.8466796875,54020.4765625
2023-07-13,67739.5,18321.021484375,6971.51904296875,24161.787109375,13606.8798828125,54983.01953125
2023-07-14,68385.6328125,18315.037109375,6973.513671875,23859.953125,13463.01953125,54732.5625
2023-07-17,68446.234375,18444.73828125,7019.4326171875,23341.236328125,13594.8916015625,53431.15234375
2023-07-18,66648.8125,18537.52734375,7068.34423828125,23287.267578125,13506.9755859375,52778.00390625
2023-07-19,67478.734375,18492.625,7047.3818359375,23658.064453125,13446.03515625,52169.0390625
2023-07-20,65308.953125,18485.642578125,7032.4091796875,23382.21484375,13483.9990234375,54170.75390625
2023-07-21,64802.40234375,18467.68359375,7029.41357421875,23443.1796875,13387.091796875,54089.22265625
2023-07-24,64923.78515625,18657.251953125,7085.314453125,23869.947265625,13462.01953125,53532.32421875
2023-07-25,66348.046875,18665.23046875,7083.3173828125,24366.67578125,13535.94921875,55993.6875
2023-07-26,65992.28125,18778.97265625,7145.20654296875,23841.962890625,13676.8125,55219.73046875
2023-07-27,66501.828125,19168.080078125,7220.0732421875,24800.4375,14055.447265625,54708.00390625
2023-07-28,69211.1484375,18967.541015625,7256.0087890625,24572.5625,14016.4853515625,53030.42578125
2023-07-31,70275.046875,19056.333984375,7265.990234375,24834.419921875,13991.5087890625,53869.2109375
2023-08-01,70951.78125,19056.333984375,7278.9677734375,24939.361328125,14010.490234375,53672.78125
2023-08-02,68291.84375,18337.982421875,7066.34814453125,24137.80078125,12936.5263671875,51706.4296875
2023-08-03,69792.8984375,18202.294921875,7076.330078125,24111.81640625,12766.6904296875,52121.8984375
2023-08-04,69092.96875,19238.91796875,7136.22314453125,24476.615234375,12794.6630859375,51628.84375
2023-08-07,68330.4375,19261.8671875,7172.15869140625,24782.44921875,12687.7666015625,51565.0
2023-08-08,67443.9296875,19366.625,7212.0869140625,25004.328125,12606.8447265625,51024.796875
2023-08-10,69621.1171875,19584.12890625,7290.9462890625,26467.52734375,12979.4853515625,51325.33984375
2023-08-11,67120.1640625,19532.24609375,7241.03564453125,26860.3125,12937.5263671875,50715.3984375
2023-08-14,66509.625,19298.78125,7176.1513671875,25436.091796875,13572.9130859375,49265.6875
2023-08-15,67271.546875,19042.369140625,7065.349609375,24556.572265625,13395.0849609375,48264.8359375
2023-08-16,65295.95703125,19315.7421875,7129.23583984375,24636.52734375,13292.1845703125,47352.375
2023-08-17,65816.5,19185.04296875,7084.31640625,24902.3828125,13177.294921875,47984.06640625
2023-08-18,64416.2421875,18739.064453125,6997.4716796875,24062.841796875,12840.619140625,46655.84375
2023-08-21,64818.80078125,19194.021484375,7155.189453125,24302.7109375,12967.4970703125,47141.15625
2023-08-22,63793.50390625,19200.0078125,7187.13232421875,23631.078125,12698.7568359375,47035.0546875
2023-08-23,63708.3125,19622.04296875,7302.92529296875,23806.982421875,12633.8193359375,47417.2109375
2023-08-24,63251.95703125,19654.96484375,7335.865234375,23492.154296875,12570.87890625,47387.734375
2023-08-25,62393.65234375,19508.30078125,7326.8818359375,23848.958984375,12486.9599609375,46729.51953125
2023-08-28,63836.69921875,19765.7109375,7408.7353515625,24676.505859375,12587.86328125,48364.2578125
2023-08-29,64521.828125,19605.080078125,7392.76416015625,24417.646484375,12472.9736328125,47911.36328125
2023-08-30,63674.515625,19767.708984375,7418.71728515625,24736.47265625,12497.94921875,48504.7421875
2023-08-31,64333.25390625,19276.83203125,7326.8818359375,24412.65234375,12020.4111328125,49807.421875
2023-09-01,64894.99609375,19267.853515625,7350.8388671875,24497.603515625,12241.197265625,49739.63671875
2023-09-04,66172.4609375,19459.412109375,7350.8388671875,24636.52734375,12323.1181640625,50429.296875
2023-09-05,66834.1953125,19330.70703125,7256.0087890625,25472.0703125,12370.072265625,49801.53125
2023-09-06,67123.5625,19198.01171875,7187.13232421875,25554.025390625,12165.2705078125,49060.78515625
2023-09-07,64084.47265625,19018.42578125,7129.23583984375,24810.43359375,12202.2353515625,47553.765625
2023-09-08,63840.30078125,19186.04296875,7177.14990234375,24429.640625,12212.2255859375,47488.9296875
2023-09-11,65082.9765625,19252.884765625,7172.15869140625,24494.607421875,12156.279296875,48482.1484375
2023-09-12,65267.75390625,19210.98046875,7175.15283203125,24720.482421875,12188.248046875,48570.5703125
2023-09-13,64188.46875,18327.58984375,7093.30029296875,23126.708984375,12145.2890625,48658.0
2023-09-14,65105.37109375,18084.060546875,6867.70361328125,24432.5234375,12053.3779296875,52362.6796875
2023-09-15,64698.41015625,17654.888671875,6676.046875,24757.4765625,12088.3447265625,53408.95703125
2023-09-18,63593.52734375,17602.98828125,6672.0546875,24588.501953125,11840.583984375,52540.5
2023-09-19,63501.93359375,18037.150390625,6470.41455078125,24546.5078125,11652.7646484375,52180.93359375
2023-09-20,62911.39453125,18758.75390625,6663.0693359375,25029.4375,11777.6435546875,52538.53515625
2023-09-21,59706.72265625,18568.123046875,6474.40869140625,24812.46875,11582.83203125,50996.14453125
2023-09-22,62334.05078125,18524.208984375,6529.3095703125,24725.482421875,11299.10546875,50725.98046875
2023-09-26,60268.46484375,18397.455078125,6485.38818359375,24410.52734375,11346.060546875,50113.9375
2023-09-27,61007.59375,18264.708984375,6480.3974609375,24956.44921875,11253.1494140625,49963.62890625
2023-09-28,60315.05859375,18368.509765625,6444.4619140625,26107.28515625,11262.1416015625,51641.59375
2023-09-29,60504.83984375,18336.572265625,6374.5869140625,26098.287109375,11274.1298828125,51603.28125
2023-10-02,60706.421875,18047.130859375,6259.79248046875,25406.384765625,11036.3583984375,50773.13671875
2023-10-03,59593.93359375,18228.779296875,6324.67626953125,24796.470703125,10945.447265625,49572.62890625
2023-10-04,59950.296875,18143.943359375,6224.8544921875,24276.544921875,11095.302734375,49120.72265625
2023-10-05,60143.2734375,18480.29296875,6308.70458984375,23984.587890625,11262.1416015625,49429.1953125
2023-10-06,61887.5,18676.916015625,6291.73486328125,23804.61328125,11139.259765625,50062.85546875
2023-10-09,61052.1796875,18319.60546875,6263.78515625,25316.3984375,10935.45703125,49941.03125
2023-10-10,63164.37109375,18917.44921875,6505.3525390625,25832.32421875,10989.4033203125,52189.77734375
2023-10-11,63940.2890625,18970.345703125,6281.63623046875,25699.34375,11169.23046875,51870.4921875
2023-10-12,63035.3828125,18794.685546875,6110.890625,26027.296875,10957.435546875,51228.9765625
2023-10-13,61432.74609375,18693.8828125,6076.94140625,26591.216796875,10743.6416015625,50836.015625
2023-10-16,62211.66796875,18726.818359375,6101.90380859375,26496.23046875,10839.548828125,51619.0
2023-10-17,60930.3984375,19162.9765625,6193.7666015625,26580.216796875,10839.548828125,50898.8828125
2023-10-18,60342.65625,19054.1875,6038.998046875,26025.296875,10837.55078125,49641.39453125
2023-10-19,58258.671875,19022.244140625,6040.99462890625,25559.36328125,10651.7294921875,48860.37890625
2023-10-20,57625.53125,18470.3125,5986.07666015625,25242.408203125,10479.89453125,46755.05859375
2023-10-23,58064.08984375,18612.037109375,6072.94677734375,25422.3828125,10466.9091796875,46174.45703125
2023-10-24,59626.328125,18680.90625,6050.97998046875,25276.40234375,10475.8994140625,47350.41015625
2023-10-25,58705.421875,18420.412109375,6129.86279296875,24942.451171875,10337.0341796875,47028.17578125
2023-10-26,58175.6796875,18346.552734375,6072.94677734375,24644.494140625,9990.3681640625,47148.02734375
2023-10-27,57770.921875,18159.9140625,5985.078125,24629.49609375,10102.259765625,46970.21484375
2023-10-30,58540.23828125,18312.619140625,6109.89208984375,24145.564453125,9429.9072265625,47332.7265625
2023-10-31,58180.6796875,18253.732421875,6134.85498046875,23614.640625,9089.236328125,46820.87890625
2023-11-01,58554.23828125,18201.83203125,6213.7373046875,23514.654296875,9289.0439453125,46645.03515625
2023-11-02,60133.87890625,19020.248046875,6489.3271484375,23348.677734375,9265.0673828125,47903.50390625
2023-11-03,63503.13671875,19363.5859375,6575.19873046875,23196.69921875,9623.720703125,48773.92578125
2023-11-06,64207.6640625,19359.595703125,6450.38525390625,23794.61328125,9719.6279296875,49749.46484375
2023-11-07,62897.59375,18926.431640625,6220.72705078125,22881.744140625,9540.80078125,47476.15625
2023-11-08,64650.41796875,19084.12890625,6289.62353515625,22771.759765625,9494.8447265625,47596.98828125
2023-11-09,64585.2265625,19121.052734375,6298.611328125,23103.712890625,9499.8408203125,46847.40625
2023-11-10,63593.52734375,19234.837890625,6348.5361328125,22298.826171875,9305.0283203125,44980.8203125
2023-11-13,63922.6953125,19138.0234375,6314.58740234375,23004.7265625,9106.2197265625,45836.50390625
2023-11-14,65229.55859375,19503.318359375,6489.3271484375,23483.658203125,9332.0029296875,48369.16796875
2023-11-15,69595.7109375,19897.556640625,6703.0078125,23276.6875,9495.8447265625,48990.0546875
2023-11-16,67275.75,19441.4375,6496.3154296875,22989.728515625,9417.9189453125,48824.03125
2023-11-17,67413.3359375,19269.767578125,6490.32470703125,22548.791015625,9360.974609375,50141.4453125
2023-11-20,67843.09375,19476.37109375,6573.201171875,22466.802734375,9573.76953125,50545.2265625
2023-11-21,66793.1953125,19670.99609375,6623.126953125,22069.859375,9799.5517578125,51016.7734375
2023-11-22,67911.2890625,19474.375,6575.19873046875,21196.984375,9621.72265625,51550.2265625
2023-11-23,69086.3671875,19831.68359375,6686.033203125,21406.953125,10042.3173828125,51820.39453125
2023-11-24,68882.78125,19905.541015625,6792.8740234375,21672.916015625,10198.1669921875,51455.9140625
2023-11-27,67982.4765625,19720.8984375,6711.9951171875,21803.896484375,10155.2080078125,51183.79296875
2023-11-28,68793.0,19861.626953125,6740.95166015625,21496.94140625,10222.14453125,51213.25390625
2023-11-29,68585.625,19740.859375,6725.97412109375,21530.935546875,10090.271484375,50193.515625
2023-11-30,69463.9296875,19983.388671875,6732.96337890625,20947.01953125,10284.0849609375,50261.296875
2023-12-01,67752.1015625,19999.361328125,6787.88134765625,20541.076171875,10326.0439453125,53125.0390625
2023-12-04,69552.9140625,19860.626953125,6785.88427734375,20098.140625,10324.0458984375,51946.1484375
2023-12-05,68424.234375,19779.783203125,6733.96142578125,19458.23046875,10290.078125,50496.09765625
2023-12-06,67871.2265625,19793.755859375,6789.87841796875,18697.33984375,10611.7685546875,51592.46875
2023-12-07,67680.046875,19352.609375,6630.11669921875,18369.38671875,10444.9287109375,51645.52734375
2023-12-08,67694.84375,19314.681640625,6640.10205078125,17797.466796875,10502.873046875,44766.66015625
2023-12-11,68709.15625,19479.36328125,6667.0615234375,17550.501953125,10745.638671875,42906.9453125
2023-12-12,68086.40625,19066.162109375,6549.2373046875,17120.564453125,10691.69140625,39660.06640625
2023-12-13,68606.5625,19322.666015625,6662.06884765625,16897.595703125,10744.640625,39129.56640625
2023-12-14,67577.4453125,20043.275390625,7041.50341796875,17254.544921875,11389.0185546875,41290.87890625
2023-12-18,65835.7734375,19302.705078125,6918.6865234375,17684.484375,11099.298828125,42538.53515625
2023-12-19,66535.1328125,19377.5625,6865.76611328125,17997.439453125,11099.298828125,43148.62890625
2023-12-20,65994.96875,19500.322265625,6976.60009765625,18179.4140625,11056.33984375,43339.2109375
2023-12-21,66634.921875,19753.83203125,6960.6240234375,18156.416015625,11205.1962890625,44073.078125
2023-12-22,54842.8203125,20076.208984375,7087.43505859375,18296.396484375,11325.080078125,44650.734375
2023-12-27,60120.01953125,20651.095703125,7289.13427734375,18813.322265625,11488.9228515625,46566.4453125
2023-12-28,60582.18359375,20615.169921875,7275.15478515625,18480.37109375,11368.0390625,46291.3671875
2023-12-29,62555.23046875,20769.869140625,7340.05859375,18526.36328125,11538.8740234375,46516.3359375
2024-01-02,60997.75,20661.08203125,7241.2060546875,18278.3984375,11518.8935546875,44750.9453125
2024-01-03,61738.89453125,20247.87890625,7008.55224609375,18207.408203125,11389.0185546875,43226.23046875
2024-01-04,62556.03125,20322.73046875,7088.43359375,18397.3828125,11297.1083984375,43790.1328125
2024-01-05,61586.10546875,20492.408203125,7098.41796875,18525.36328125,11292.1123046875,43913.921875
2024-01-08,60805.36328125,20583.228515625,7169.3125,17944.447265625,11112.2861328125,42645.62890625
2024-01-09,59732.05078125,20703.99609375,7151.33935546875,18142.41796875,11187.212890625,42373.49609375
2024-01-10,58620.73046875,20646.107421875,7125.37890625,16836.603515625,11121.27734375,43049.40234375
2024-01-11,60025.42578125,20638.126953125,7121.38427734375,17186.5546875,11211.1904296875,43049.40234375
2024-01-12,59842.23828125,20810.79296875,7023.5302734375,17753.474609375,11178.2216796875,43360.828125
2024-01-15,59559.66015625,20329.71875,6732.96337890625,17200.552734375,11089.3076171875,42774.31640625
2024-01-16,58180.3671875,19943.46484375,6771.9052734375,16797.609375,11009.384765625,42243.81640625
2024-01-17,56959.859375,19489.34375,6646.09326171875,16237.689453125,10757.626953125,41284.0
2024-01-18,57973.9765625,19680.97265625,6690.02734375,15843.7451171875,10754.6298828125,42184.87109375
2024-01-19,58507.34375,19697.94140625,6778.89501953125,16130.705078125,10559.8173828125,42243.81640625
2024-01-22,57985.578125,19657.021484375,6664.06591796875,15791.7529296875,10590.7880859375,41852.8203125
2024-01-23,60595.37890625,19809.7265625,6765.9140625,16096.7099609375,10514.861328125,43015.9921875
2024-01-24,63795.1328125,19799.7421875,6796.86865234375,16149.7021484375,10468.90625,43672.2421875
2024-01-25,63445.1640625,19711.9140625,6739.9521484375,16187.6962890625,10104.2578125,43006.171875
2024-01-26,64305.8984375,20171.02734375,6884.73681640625,16197.6953125,10423.94921875,44132.015625
2024-01-29,63655.1484375,19911.53125,6687.0322265625,16301.6806640625,9990.3681640625,44130.05078125
2024-01-30,63706.94140625,19851.64453125,6683.03759765625,16449.66015625,9642.7021484375,44405.12890625
2024-01-31,62740.015625,19935.482421875,6781.89111328125,16418.6640625,9544.796875,44416.91796875
2024-02-01,63540.95703125,19790.76171875,6616.1376953125,16285.6826171875,9569.7724609375,43529.796875
2024-02-02,65275.0234375,20094.17578125,6633.1123046875,15945.7314453125,9470.8681640625,42951.15625
2024-02-05,65130.234375,19997.361328125,6612.1435546875,15551.787109375,9314.01953125,42302.76171875
2024-02-06,67560.640625,20024.306640625,6635.10986328125,15752.7587890625,9488.8505859375,42824.42578125
2024-02-07,68461.3828125,19658.01953125,6504.30419921875,15476.7978515625,9362.9716796875,41508.97265625
2024-02-08,67533.453125,19682.96875,6469.3564453125,15247.830078125,9307.0263671875,40907.734375
2024-02-09,68550.375,19870.607421875,6457.37353515625,14652.9150390625,9222.1083984375,40095.27734375
2024-02-12,68653.765625,19994.369140625,6430.41455078125,14767.8984375,9390.9453125,41415.64453125
2024-02-13,67398.65625,19869.609375,6388.4765625,14721.9052734375,9243.087890625,40975.5234375
2024-02-14,65996.5703125,20239.896484375,6445.392578125,15139.845703125,9281.05078125,40595.328125
2024-02-15,65916.578125,20284.8046875,6315.58544921875,15164.841796875,9219.1103515625,41288.91015625
2024-02-16,66102.3515625,20760.888671875,6410.44384765625,15162.8427734375,9091.234375,42273.28515625
2024-02-19,65719.59375,20749.91015625,6441.39794921875,14772.8974609375,9034.2890625,41842.9921875
2024-02-20,64266.703125,20460.466796875,6466.36083984375,14362.9560546875,8595.7119140625,40965.69921875
2024-02-21,65456.2109375,20640.12109375,6483.3349609375,14023.0048828125,8544.7607421875,40927.38671875
2024-02-22,66777.90625,20719.96484375,6677.04638671875,14602.921875,8760.5537109375,42152.44921875
2024-02-23,66945.09375,20583.228515625,6580.19140625,14597.9228515625,8525.779296875,43422.70703125
2024-02-26,66518.9296875,20463.462890625,6490.32470703125,14302.96484375,8771.5419921875,41869.51953125
2024-02-27,65019.04296875,20451.48828125,6501.30859375,14886.8818359375,8941.3779296875,42130.8359375
2024-02-28,63340.171875,20344.693359375,6406.4501953125,14338.9599609375,8411.8896484375,40860.578125
2024-02-29,63097.9921875,20143.08203125,6468.35791015625,14470.9404296875,8341.95703125,41280.0703125
2024-03-01,62420.83984375,20719.96484375,6544.244140625,14635.9169921875,8397.90234375,40954.88671875
2024-03-04,60894.75390625,20467.453125,6425.42138671875,14597.9228515625,8656.6533203125,40455.82421875
2024-03-05,58925.90234375,19971.4140625,6357.52294921875,14251.9716796875,8255.041015625,40046.15234375
2024-03-06,60001.2265625,20138.091796875,6593.171875,14647.916015625,8609.6982421875,41828.25390625
2024-03-07,59448.26953125,19983.388671875,6390.4736328125,14762.8994140625,8583.7236328125,43559.26171875
2024-03-08,59413.26953125,19694.947265625,6414.4384765625,14697.908203125,8332.96484375,43986.62109375
2024-03-11,59268.28125,19846.65625,6367.50830078125,13785.0380859375,8630.6787109375,42906.9453125
2024-03-12,61191.9375,19927.498046875,6385.48095703125,14057.0,8391.908203125,43501.30859375
2024-03-13,61764.48828125,19931.48828125,6478.34228515625,14178.0,8438.86328125,44203.828125
2024-03-14,61788.2890625,18575.111328125,6490.32470703125,13800.0,8427.8740234375,42591.359375
2024-03-15,61147.94140625,18594.07421875,6333.55859375,13587.0,8620.6875,43904.1328125
2024-03-18,61903.08203125,18569.12109375,6250.68212890625,13367.0,8473.830078125,43234.97265625
2024-03-19,61483.11328125,18514.228515625,6227.716796875,13688.0,8374.9248046875,42704.36328125
2024-03-20,62313.44921875,18549.16015625,6236.703125,14107.0,8404.8955078125,43285.08984375
2024-03-22,61900.48046875,18377.494140625,6190.771484375,14414.0,9027.296875,45684.625
2024-03-25,62495.234375,18395.45703125,6160.81689453125,14390.0,9171.1572265625,45639.421875
2024-03-26,64706.66796875,18489.275390625,6052.94189453125,14135.0,9208.12109375,45020.37890625
2024-03-27,66027.5703125,18458.337890625,6099.88720703125,14030.0,9389.9453125,44650.921875
2024-03-28,67145.8828125,18488.279296875,6165.810546875,14639.0,9364.9697265625,45707.2265625
2024-04-02,67228.875,18423.40234375,6108.876953125,15101.0,9225.1064453125,47092.7109375
2024-04-03,66994.890625,18124.978515625,6085.90380859375,15103.0,9244.0869140625,47406.1640625
2024-04-04,66918.8984375,18115.0,6245.71728515625,15694.0,9793.5576171875,48980.30859375
2024-04-05,67136.0859375,17987.2421875,6171.80322265625,15350.0,9696.650390625,48870.26171875
2024-04-08,67221.671875,18065.095703125,6242.72119140625,16508.0,9400.9365234375,49509.93359375
2024-04-09,65483.609375,18350.544921875,6240.72314453125,17096.0,9177.1513671875,50209.56640625
2024-04-10,67416.0625,17739.810546875,6296.65771484375,16740.0,9233.09765625,49996.33203125
2024-04-11,67234.8671875,17643.958984375,6283.6728515625,16485.0,9250.0810546875,49157.17578125
2024-04-12,66602.921875,17313.46484375,6052.94189453125,17257.0,9004.318359375,51100.7890625
2024-04-15,65684.7890625,17486.19921875,6049.9453125,16654.0,8716.5947265625,50580.0
2024-04-16,64132.91015625,17156.70703125,6011.98974609375,15854.0,8426.875,48729.74609375
2024-04-17,64024.3203125,16681.431640625,5906.11376953125,15771.0,8042.39501953125,50565.26953125
2024-04-18,64744.265625,16719.376953125,5961.048828125,15885.0,8195.3076171875,51012.35546875
2024-04-19,65142.8359375,16729.357421875,5986.02001953125,15702.0,8204.302734375,51071.30859375
2024-04-22,68630.5625,16889.115234375,6086.90234375,15200.0,8294.2509765625,49739.87109375
2024-04-23,71965.3046875,17157.703125,6168.80712890625,13551.0,8294.2509765625,48835.8671875
2024-04-24,73506.3984375,17198.640625,6188.78369140625,13400.0,8322.2353515625,50485.671875
2024-04-25,71497.1484375,17223.6015625,6122.8603515625,12809.0,8387.1982421875,60037.65234375
2024-04-26,72486.6796875,17256.55078125,6346.599609375,13023.0,8630.05859375,61010.4375
2024-04-29,72338.6875,17473.21875,6494.42724609375,13331.0,9084.798828125,62952.08984375
2024-04-30,72141.8984375,17681.8984375,6508.41064453125,13326.0,9052.81640625,60627.22265625
2024-05-02,73994.359375,18035.359375,6505.41455078125,12800.0,9254.701171875,60542.71875
2024-05-03,75168.875,17870.609375,6495.42578125,12975.0,9365.6376953125,61102.8046875
2024-05-06,75018.078125,18161.166015625,6465.46142578125,13311.0,9333.6552734375,60627.22265625
2024-05-07,74542.7109375,18263.005859375,6566.34326171875,13480.0,9372.6337890625,61069.40234375
2024-05-08,74179.546875,18172.1484375,6619.28173828125,13600.0,9410.611328125,60541.734375
2024-05-09,75594.234375,18206.09375,6591.31396484375,13182.0,9392.6220703125,62338.9375
2024-05-10,75418.6484375,18495.654296875,6702.18505859375,13710.0,9394.62109375,62985.49609375
2024-05-13,77014.125,18800.1875,6740.140625,13803.0,9264.6953125,62376.27734375
2024-05-14,79993.90625,18574.53125,6617.28369140625,13275.0,8477.146484375,59300.6953125
2024-05-15,80474.46875,18806.177734375,6756.1220703125,13283.0,8640.052734375,59624.9609375
2024-05-16,81490.5859375,19020.845703125,6861.99853515625,13200.0,8333.228515625,59392.078125
2024-05-17,78154.0390625,18910.017578125,6863.99609375,13300.0,8612.0693359375,60990.78515625
2024-05-20,78681.796875,19049.802734375,6912.93896484375,13384.0,8495.1357421875,61088.0703125
2024-05-21,78761.9921875,18973.919921875,6933.9140625,13450.0,8685.0263671875,60505.3828125
2024-05-22,77963.8515625,18836.1328125,6881.97509765625,13343.0,8832.9423828125,60720.5703125
2024-05-23,78139.0390625,18836.1328125,6808.0615234375,13058.0,8560.0986328125,61636.3671875
2024-05-24,78027.8515625,18834.1328125,6827.03955078125,13150.0,8603.07421875,60502.43359375
2024-05-27,78240.4375,18391.8125,6766.1103515625,12990.0,8453.1591796875,60182.09765625
2024-05-28,76915.5390625,18530.599609375,6782.091796875,12543.0,8495.1357421875,58857.5390625
2024-05-30,76159.984375,17591.0390625,6440.48974609375,12350.0,8515.1240234375,58044.9140625
2024-05-31,74560.9140625,17890.580078125,6492.42919921875,12410.0,8201.3046875,58333.80859375
2024-06-03,75994.203125,18553.564453125,6742.1376953125,11600.0,8434.1708984375,57853.30859375
2024-06-04,76494.1640625,18433.748046875,6593.3115234375,11600.0,8165.32470703125,56279.15625
2024-06-05,77187.9140625,17993.419921875,6373.56787109375,11825.0,8192.3095703125,56245.7578125
2024-06-06,78219.4375,17935.51171875,6261.69873046875,12001.0,8209.298828125,56853.98828125
2024-06-07,76972.921875,18207.09375,6318.6318359375,12155.0,8065.3818359375,56256.5625
2024-06-10,76895.5390625,18222.072265625,6326.62255859375,12002.0,8017.40966796875,55345.6796875
2024-06-11,76412.375,18294.9609375,6440.48974609375,11899.0,7973.4345703125,54937.89453125
2024-06-12,78059.6484375,18445.728515625,6689.2001953125,12015.0,8105.35888671875,55179.6171875
2024-06-13,76937.140625,18854.103515625,6847.01611328125,11764.0,7807.52978515625,55271.98046875
2024-06-14,74733.09375,19905.4921875,7042.7880859375,11596.0,8220.2939453125,55097.078125
2024-06-18,74925.4921875,21211.490234375,7616.119140625,12802.0,8580.0869140625,54264.80078125
2024-06-19,75891.609375,21371.24609375,7589.15087890625,13164.0,8794.96484375,54633.28125
2024-06-20,74056.5546875,21106.6484375,7553.19287109375,13441.0,8564.0966796875,55877.26953125
2024-06-21,71777.125,21186.525390625,7668.05810546875,13531.0,8507.12890625,54827.84765625
2024-06-24,73683.984375,21167.55859375,7456.30517578125,13850.0,8523.1201171875,56615.21484375
2024-06-25,71286.96875,21034.76171875,7478.27978515625,13606.0,8448.1630859375,56974.84765625
2024-06-26,71630.9375,20664.326171875,7472.287109375,13539.0,8224.291015625,57355.125
2024-06-27,71142.5703125,20475.6171875,7330.45263671875,13487.0,8264.2685546875,57050.51171875
2024-06-28,71338.9609375,21048.740234375,7681.04345703125,13810.0,8489.1396484375,56647.63671875
2024-07-01,69332.921875,21196.515625,7752.9599609375,13909.0,8538.111328125,55222.8515625
2024-07-02,69889.875,20744.20703125,7616.119140625,13843.0,8195.3076171875,54929.046875
2024-07-03,70396.03125,21156.57421875,7683.041015625,14506.0,8295.2509765625,55939.17578125
2024-07-04,70683.609375,21242.443359375,7711.00830078125,14821.0,8355.2158203125,55550.05859375
2024-07-05,70194.6484375,20985.8359375,7693.02978515625,14500.0,8329.2314453125,55633.58203125
2024-07-08,71006.1875,21206.498046875,7791.91455078125,14284.0,8175.3193359375,54937.89453125
2024-07-09,70617.21875,21177.54296875,7762.94775390625,14260.0,8209.298828125,54437.7421875
2024-07-10,70099.453125,20860.029296875,7780.9267578125,13666.0,8194.3076171875,54804.26171875
2024-07-11,71117.78125,21211.490234375,7887.80224609375,13703.0,8194.3076171875,54650.97265625
2024-07-12,73456.6015625,21267.40234375,7903.783203125,13666.0,8190.31103515625,55353.5390625
2024-07-15,73334.203125,21666.791015625,7981.693359375,13140.0,8058.3857421875,55444.921875
2024-07-16,70494.625,21267.40234375,7813.88818359375,13263.0,7846.50732421875,53300.859375
2024-07-17,70122.2578125,20916.94140625,7707.01318359375,13413.0,7559.67138671875,53198.6640625
2024-07-18,70280.640625,20705.267578125,7765.94482421875,13533.0,7392.76708984375,52972.66015625
2024-07-19,68715.15625,20907.95703125,7840.857421875,13643.0,7517.69580078125,52082.41796875
2024-07-22,70603.4140625,21107.6484375,7860.833984375,14540.0,7461.7275390625,51685.4453125
2024-07-23,69758.078125,21360.263671875,7932.75,14899.0,7643.62353515625,50899.34765625
2024-07-24,69368.7109375,21175.544921875,7803.89990234375,14409.0,7670.6083984375,51702.1484375
2024-07-25,68995.5390625,21802.58203125,7998.6728515625,14320.0,7697.5927734375,52159.0625
2024-07-26,68902.140625,21876.47265625,7986.6875,14178.0,7721.5791015625,54679.46875
2024-07-29,68670.1640625,21819.556640625,7972.703125,14300.0,7567.6669921875,54723.68359375
2024-07-30,69404.109375,22016.255859375,8072.5869140625,14394.0,7678.603515625,52548.17578125
2024-07-31,70438.8359375,22144.0625,8160.48388671875,14735.0,7906.47314453125,54209.78125
2024-08-01,69417.7109375,22158.0390625,8071.58837890625,14723.0,7731.5732421875,52673.953125
2024-08-02,68285.0,21814.56640625,7987.685546875,13398.0,7509.7001953125,51279.625
2024-08-05,68950.9453125,21729.697265625,7862.83154296875,13300.0,7456.73046875,50915.0703125
2024-08-06,67866.03125,21743.673828125,7820.88037109375,13239.0,7265.83984375,50930.796875
2024-08-07,70083.453125,21756.654296875,7884.80615234375,13284.0,7515.69677734375,50683.1796875
2024-08-08,71762.53125,21633.84375,7965.71142578125,13023.0,8301.2470703125,50988.7734375
2024-08-12,73913.7578125,21581.923828125,7945.73486328125,12850.0,8285.255859375,51292.3984375
2024-08-13,73857.7734375,21666.791015625,8016.65185546875,12825.0,8328.2314453125,50701.8515625
2024-08-14,72276.28125,21873.474609375,8161.48291015625,13048.0,8492.1376953125,49258.04296875
2024-08-15,73014.4375,23188.458984375,8258.3701171875,13525.0,8601.076171875,49890.9609375
2024-08-16,73352.609375,23380.166015625,8284.3388671875,13665.0,8859.927734375,49311.11328125
2024-08-19,72996.8359375,23682.701171875,8450.146484375,13753.0,9022.833984375,50791.18359375
2024-08-20,72405.28125,23564.8828125,8384.2236328125,12863.0,8944.8779296875,51413.2890625
2024-08-21,73484.3984375,23604.822265625,8435.1640625,13557.0,8942.8798828125,52545.44921875
2024-08-22,73867.375,23239.380859375,8339.2763671875,14410.0,9005.84375,51844.734375
2024-08-23,73994.359375,23724.638671875,8500.087890625,14788.0,9587.5107421875,51960.69921875
2024-08-26,72463.6796875,24021.185546875,8542.0390625,14794.0,9628.4873046875,52624.078125
2024-08-27,72877.2421875,24181.939453125,8609.9599609375,14510.0,9594.5068359375,52932.67578125
2024-08-28,71930.125,24142.001953125,8619.9482421875,14265.0,9367.6357421875,51989.203125
2024-08-29,71865.7265625,24217.8828125,8661.8994140625,14310.0,9250.703125,51596.08984375
2024-08-30,73549.3984375,23963.2734375,8587.986328125,13758.0,8880.9150390625,50677.1796875
2024-09-02,72859.6484375,23866.421875,8540.04296875,13416.0,8759.984375,51456.53125
2024-09-03,72839.4453125,23473.025390625,8437.1611328125,12747.0,8605.072265625,48840.36328125
2024-09-04,71994.5078125,23808.509765625,8512.0732421875,12866.0,8752.98828125,48649.70703125
2024-09-05,72824.2421875,23456.048828125,8498.091796875,12935.0,9097.791015625,48584.8359375
2024-09-06,70717.0078125,23325.251953125,8470.1220703125,12684.0,9186.740234375,46780.44921875
2024-09-09,70980.1875,23372.177734375,8526.0576171875,12400.0,9149.7607421875,46628.1171875
2024-09-10,70610.8203125,23689.69140625,8678.87890625,12221.0,9237.7099609375,45865.484375
2024-09-11,70451.8359375,22762.263671875,8552.02734375,11670.0,9194.7353515625,46052.20703125
2024-09-12,70254.6484375,22891.10546875,8609.9599609375,11970.0,9269.6923828125,47145.06640625
2024-09-13,70174.25,23126.818359375,8350.263671875,12390.0,9369.6357421875,47750.453125
2024-09-16,69554.6953125,23231.689453125,8262.365234375,12460.0,9246.7060546875,47841.85546875
2024-09-17,70751.0078125,23845.94140625,8290.333984375,12627.0,9365.6376953125,48578.9453125
2024-09-18,70494.625,24000.751953125,8348.2646484375,12455.0,9430.6005859375,48232.01953125
2024-09-19,73483.796875,24387.28125,8320.2978515625,12721.0,9542.5361328125,50023.6328125
2024-09-20,73573.7890625,24308.376953125,8465.1298828125,12000.0,9569.5205078125,48518.01171875
2024-09-23,73615.5859375,24810.765625,8576.0,12305.0,9526.5458984375,48024.65625
2024-09-25,78269.4296875,24955.58984375,8611.9580078125,12293.0,9589.509765625,51760.2109375
2024-09-26,83489.6328125,25011.521484375,8525.05859375,11387.0,9505.5576171875,54506.10546875
2024-09-27,84390.171875,24615.00390625,8477.115234375,11439.0,9519.548828125,54805.85546875
2024-09-30,83891.609375,24205.50390625,8296.326171875,11605.0,9177.7451171875,54953.265625
2024-10-01,84737.140625,23817.9765625,8199.439453125,11694.0,8970.86328125,55391.58984375
2024-10-02,87660.1171875,23896.87890625,8204.4326171875,12120.0,8845.9345703125,56173.890625
2024-10-03,87431.9375,23593.248046875,8165.478515625,12571.0,8844.9365234375,54640.74609375
2024-10-04,86611.796875,23709.109375,8155.48974609375,12665.0,8579.087890625,54346.8984375
2024-10-07,88393.2578125,23734.078125,8189.451171875,12535.0,8583.0849609375,54495.296875
2024-10-08,85423.484375,23768.037109375,8182.458984375,12216.0,8618.0654296875,51643.265625
2024-10-09,85552.8828125,23623.2109375,7883.87841796875,11655.0,8645.0498046875,52185.75390625
2024-10-10,84406.5703125,23671.15625,7974.79638671875,12052.0,8697.01953125,51633.4375
2024-10-11,83977.59375,24150.568359375,8212.5810546875,12000.0,8784.9697265625,51934.1640625
2024-10-14,84974.7265625,24307.37890625,8230.5654296875,11870.0,8683.0283203125,51890.921875
2024-10-15,81993.75,24266.4296875,8244.552734375,11220.0,8659.0419921875,50481.61328125
2024-10-16,82592.1015625,24089.64453125,8284.515625,11393.0,8828.9453125,51153.8359375
2024-10-17,81702.3671875,23738.07421875,8201.591796875,11338.0,8946.8779296875,52769.52734375
2024-10-18,83779.015625,23869.91015625,8266.533203125,11530.0,9144.7646484375,53722.828125
2024-10-21,82829.8828125,23930.83984375,8224.5703125,11385.0,9029.830078125,53229.47265625
2024-10-22,83297.4453125,23721.09375,8163.62548828125,10812.0,9009.8408203125,53468.28125
2024-10-23,83529.8359375,23650.181640625,8169.6201171875,10392.0,8913.8955078125,52856.9921875
2024-10-24,82555.703125,23809.986328125,8292.509765625,10575.0,8894.90625,54149.35546875
2024-10-25,84421.96875,23745.064453125,8061.7177734375,10497.0,8895.90625,55096.7578125
2024-10-28,84758.328125,24214.490234375,7958.810546875,10036.0,8855.9296875,55874.13671875
2024-10-29,86021.84375,23920.849609375,7621.11572265625,10205.0,8672.03515625,56152.265625
2024-10-30,84322.96875,24253.447265625,7730.017578125,9948.0,8753.9873046875,54365.5703125
2024-10-31,82877.078125,24126.599609375,7703.0419921875,9818.0,8747.9912109375,53400.48046875
2024-11-01,84319.7734375,24512.130859375,7742.00634765625,10233.0,8736.998046875,53995.05859375
2024-11-04,83593.6328125,24796.78125,7734.013671875,10494.0,8862.92578125,54274.16796875
2024-11-05,84682.75,24931.6171875,7729.01806640625,10589.0,8679.0302734375,54033.390625
2024-11-06,83037.46875,24530.107421875,7692.05126953125,10412.0,8470.150390625,53318.90234375
2024-11-07,82859.28125,24430.23046875,7889.873046875,10612.0,8380.2021484375,54870.71875
2024-11-08,81658.3828125,24125.6015625,7874.88623046875,9970.0,8422.177734375,52698.76953125
2024-11-11,82062.5390625,24027.720703125,7818.9365234375,9767.0,8312.240234375,52929.7265625
2024-11-12,82268.9296875,24136.587890625,7753.99560546875,9557.0,8401.189453125,50594.625
2024-11-13,81872.7578125,24140.58203125,7653.0869140625,9651.0,8422.177734375,50736.15234375
2024-11-14,82800.2890625,24132.591796875,7658.08251953125,9351.0,8159.328125,50590.6953125
2024-11-15,82155.9453125,23934.833984375,7618.11865234375,9507.0,8201.3046875,51869.296875
2024-11-18,82749.296875,23954.80859375,7623.11376953125,9622.0,8345.2216796875,51487.98046875
2024-11-19,82155.9453125,23937.830078125,7646.09326171875,9300.0,8331.2294921875,51915.48828125
2024-11-20,82193.734375,24440.216796875,7730.017578125,9675.0,8233.2861328125,53049.625
2024-11-21,81900.15625,24685.916015625,7851.9072265625,9675.0,8175.3193359375,52215.23828125
2024-11-22,81167.8125,24402.265625,7784.96728515625,9791.0,8035.39892578125,52537.5859375
2024-11-25,81753.765625,24190.521484375,7757.9921875,9457.0,8119.35107421875,53197.0390625
2024-11-26,82393.71875,24058.6796875,7902.861328125,9295.0,8124.34814453125,53154.78125
2024-11-27,82527.90625,23682.140625,7858.90087890625,9128.0,8118.35205078125,54297.75390625
2024-11-28,81523.78125,23814.98046875,7890.8720703125,8935.0,8143.3369140625,53966.5546875
2024-11-29,81353.796875,23659.16796875,7687.05615234375,8787.0,8069.37939453125,55856.453125
2024-12-02,85393.2890625,23392.494140625,7778.97314453125,9000.0,8145.3359375,57830.85546875
2024-12-03,85813.2578125,22732.298828125,7731.01611328125,8966.0,8073.37744140625,57984.171875
2024-12-04,86207.6484375,22880.119140625,7815.939453125,9164.0,8273.263671875,56691.8125
2024-12-05,87795.7734375,23224.697265625,8019.755859375,9138.0,8462.1552734375,56650.5390625
2024-12-06,88238.953125,23195.732421875,7961.8076171875,9038.0,8536.11328125,55871.1875
2024-12-09,88600.3359375,23314.58984375,8002.77099609375,9341.0,8453.1591796875,57363.0546875
2024-12-10,87385.7890625,23203.724609375,8056.72216796875,9280.0,8592.080078125,56219.09765625
2024-12-11,87208.0,22922.068359375,8018.75634765625,8888.0,8498.134765625,56423.51171875
2024-12-12,87507.5859375,22848.158203125,8011.76318359375,9214.0,8582.0869140625,56191.578125
2024-12-13,88855.3203125,22941.04296875,8131.654296875,8861.0,8738.99609375,55168.5
2024-12-17,88907.1171875,22561.505859375,7851.9072265625,8761.0,8375.205078125,55232.3828125
2024-12-18,87473.7890625,22677.36328125,7885.87646484375,8697.0,8466.15234375,54512.984375
2024-12-19,86615.828125,22398.70703125,7735.01318359375,8405.0,8217.294921875,53338.55859375
2024-12-20,84395.9375,22516.5625,7702.04248046875,8333.0,8247.27734375,51840.80078125
2024-12-23,85817.0703125,22508.572265625,7708.037109375,8322.0,8184.31396484375,52976.8984375
2024-12-24,85495.8828125,22520.556640625,7752.99658203125,8305.0,8454.1591796875,53521.3515625
2024-12-27,84937.90625,22293.83203125,7681.0615234375,8265.0,9283.6845703125,54114.95703125
2024-12-30,83013.0,22112.0546875,7653.0869140625,8155.0,9281.685546875,53703.171875
